"Condition","celltype_number","celltype_major2","celltype","n_cells","total_cells","proportion","percent"
"HC",1,"B cells","B_01_Naive_TCL1A_IGHD",12914,260121,0.0496461262258718,"4.96%"
"HC",2,"B cells","B_02_iMemory_IGHD_CD27",4644,260121,0.0178532298430346,"1.79%"
"HC",3,"B cells","B_03_Memory_CD27",2178,260121,0.00837302639925266,"0.84%"
"HC",4,"B cells","B_04_Plasma_IGHA1_IGHG1",1203,260121,0.0046247707797525,"0.46%"
"HC",5,"CD4+ T cells","CD4T_01_Naive_CCR7_LEF1",14786,260121,0.0568427770153121,"5.68%"
"HC",6,"CD4+ T cells","CD4T_02_Naive_CCR7_TCF7",310,260121,0.00119175306876415,"0.12%"
"HC",7,"CD4+ T cells","CD4T_03_Tfh_ICOS_SLAMF1",7446,260121,0.0286251398387673,"2.86%"
"HC",8,"CD4+ T cells","CD4T_04_cMemory_CCR7_CD27",33450,260121,0.12859400048439,"12.86%"
"HC",9,"CD4+ T cells","CD4T_05_Th2_CCR4_GATA3",5,260121,1.92218236897444e-05,"0.00%"
"HC",10,"CD4+ T cells","CD4T_06_eMemory_GPR183_GZMK",6713,260121,0.0258072204858508,"2.58%"
"HC",11,"CD4+ T cells","CD4T_07_Th1_CXCR3_ISG20",14077,260121,0.0541171224161063,"5.41%"
"HC",12,"CD4+ T cells","CD4T_08_Treg_FOXP3_IL2RA",5125,260121,0.019702369281988,"1.97%"
"HC",13,"CD4+ T cells","CD4T_09_Pro_MKI67",475,260121,0.00182607325052572,"0.18%"
"HC",14,"CD8+ T cells","CD8T_01_Naive_CCR7_LEF1",10557,260121,0.0405849585385263,"4.06%"
"HC",15,"CD8+ T cells","CD8T_02_cMemory_CCR7_GPR183",3446,260121,0.0132476808869718,"1.32%"
"HC",16,"CD8+ T cells","CD8T_03_eMemory_GPR183_GZMH",13168,260121,0.0506225948693108,"5.06%"
"HC",17,"CD8+ T cells","CD8T_04_Effector_GZMA_GZMM",25026,260121,0.0962090719319086,"9.62%"
"HC",18,"CD8+ T cells","CD8T_05_Effector_GZMK",231,260121,0.000888048254466191,"0.09%"
"HC",19,"CD8+ T cells","CD8T_06_Pro",3316,260121,0.0127479134710385,"1.27%"
"HC",20,"CD8+ T cells","MAIT",5401,260121,0.0207634139496619,"2.08%"
"HC",21,"CD8+ T cells","γδT",3527,260121,0.0135590744307457,"1.36%"
"HC",22,"CD8+ T cells","DNT",18,260121,6.91985652830798e-05,"0.01%"
"HC",23,"NK cells","NK_01_Naive_SELL_LEF1",8508,260121,0.0327078551904691,"3.27%"
"HC",24,"NK cells","NK_02_Exhaustion_CD160_LAG3",820,260121,0.00315237908511808,"0.32%"
"HC",25,"NK cells","NK_03_CD160_GZMB",29791,260121,0.114527469908235,"11.45%"
"HC",26,"NK cells","NK_04_CD56_LAG3",8522,260121,0.0327616762968003,"3.28%"
"HC",27,"Myeloid cells","DC_01_mDC_CD1C_CLEC10A",2305,260121,0.00886126072097216,"0.89%"
"HC",28,"Myeloid cells","DC_02_pDC_LILRA4_ITM2C",727,260121,0.00279485316448883,"0.28%"
"HC",29,"Myeloid cells","Mono_01_Classical_CD14",10064,260121,0.0386896867227175,"3.87%"
"HC",30,"Myeloid cells","Mono_02_Classical_CD83",1570,260121,0.00603565263857974,"0.60%"
"HC",31,"Myeloid cells","Mono_03_Classical_CD83_HLA-DPB1",17099,260121,0.0657347926541879,"6.57%"
"HC",32,"Myeloid cells","Mono_04_Intermedate_CD14_CD16",182,260121,0.000699674382306696,"0.07%"
"HC",33,"Myeloid cells","Mono_05_Intermedate_CD83_HLA-DPB1",2156,260121,0.00828845037501778,"0.83%"
"HC",34,"Myeloid cells","Mono_06_Non-classical_CD16_C1QA",5199,260121,0.0199868522725962,"2.00%"
"HC",35,"Myeloid cells","Mono_07_MDSC_CD24_ARHGAP26",355,260121,0.00136474948197185,"0.14%"
"HC",36,"Myeloid cells","Mono_08_MDSC_S100A8_S100A9",1470,260121,0.00565121616478485,"0.57%"
"HC",37,"Myeloid cells","Mega",3337,260121,0.0128286451305354,"1.28%"
"MKPP",1,"B cells","B_01_Naive_TCL1A_IGHD",8254,220846,0.0373744600309718,"3.74%"
"MKPP",2,"B cells","B_02_iMemory_IGHD_CD27",3532,220846,0.0159930449272344,"1.60%"
"MKPP",3,"B cells","B_03_Memory_CD27",1783,220846,0.00807349918042437,"0.81%"
"MKPP",4,"B cells","B_04_Plasma_IGHA1_IGHG1",1794,220846,0.00812330764424078,"0.81%"
"MKPP",5,"CD4+ T cells","CD4T_01_Naive_CCR7_LEF1",11028,220846,0.0499352489970387,"4.99%"
"MKPP",6,"CD4+ T cells","CD4T_02_Naive_CCR7_TCF7",406,220846,0.00183838511904223,"0.18%"
"MKPP",7,"CD4+ T cells","CD4T_03_Tfh_ICOS_SLAMF1",7041,220846,0.0318819448846708,"3.19%"
"MKPP",8,"CD4+ T cells","CD4T_04_cMemory_CCR7_CD27",23198,220846,0.105041522146654,"10.50%"
"MKPP",9,"CD4+ T cells","CD4T_05_Th2_CCR4_GATA3",3,220846,1.35841264953859e-05,"0.00%"
"MKPP",10,"CD4+ T cells","CD4T_06_eMemory_GPR183_GZMK",4884,220846,0.0221149579344883,"2.21%"
"MKPP",11,"CD4+ T cells","CD4T_07_Th1_CXCR3_ISG20",4162,220846,0.0188457114912654,"1.88%"
"MKPP",12,"CD4+ T cells","CD4T_08_Treg_FOXP3_IL2RA",5537,220846,0.0250717694683173,"2.51%"
"MKPP",13,"CD4+ T cells","CD4T_09_Pro_MKI67",1040,220846,0.00470916385173379,"0.47%"
"MKPP",14,"CD8+ T cells","CD8T_01_Naive_CCR7_LEF1",7239,220846,0.0327784972333662,"3.28%"
"MKPP",15,"CD8+ T cells","CD8T_02_cMemory_CCR7_GPR183",2250,220846,0.0101880948715394,"1.02%"
"MKPP",16,"CD8+ T cells","CD8T_03_eMemory_GPR183_GZMH",9685,220846,0.0438540883692709,"4.39%"
"MKPP",17,"CD8+ T cells","CD8T_04_Effector_GZMA_GZMM",13672,220846,0.0619073924816388,"6.19%"
"MKPP",18,"CD8+ T cells","CD8T_05_Effector_GZMK",341,220846,0.00154406237830887,"0.15%"
"MKPP",19,"CD8+ T cells","CD8T_06_Pro",3741,220846,0.0169394057397462,"1.69%"
"MKPP",20,"CD8+ T cells","MAIT",3684,220846,0.0166813073363339,"1.67%"
"MKPP",21,"CD8+ T cells","γδT",1266,220846,0.00573250138105286,"0.57%"
"MKPP",22,"CD8+ T cells","DNT",167,220846,0.000756183041576483,"0.08%"
"MKPP",23,"NK cells","NK_01_Naive_SELL_LEF1",4556,220846,0.0206297601043261,"2.06%"
"MKPP",24,"NK cells","NK_02_Exhaustion_CD160_LAG3",199,220846,0.0009010803908606,"0.09%"
"MKPP",25,"NK cells","NK_03_CD160_GZMB",20155,220846,0.0912626898381678,"9.13%"
"MKPP",26,"NK cells","NK_04_CD56_LAG3",3204,220846,0.0145078470970722,"1.45%"
"MKPP",27,"Myeloid cells","DC_01_mDC_CD1C_CLEC10A",2098,220846,0.00949983246243989,"0.95%"
"MKPP",28,"Myeloid cells","DC_02_pDC_LILRA4_ITM2C",545,220846,0.00246778297999511,"0.25%"
"MKPP",29,"Myeloid cells","Mono_01_Classical_CD14",23106,220846,0.104624942267462,"10.46%"
"MKPP",30,"Myeloid cells","Mono_02_Classical_CD83",2366,220846,0.0107133477626944,"1.07%"
"MKPP",31,"Myeloid cells","Mono_03_Classical_CD83_HLA-DPB1",30574,220846,0.138440361156643,"13.84%"
"MKPP",32,"Myeloid cells","Mono_04_Intermedate_CD14_CD16",2086,220846,0.00944549595645835,"0.94%"
"MKPP",33,"Myeloid cells","Mono_05_Intermedate_CD83_HLA-DPB1",3148,220846,0.014254276735825,"1.43%"
"MKPP",34,"Myeloid cells","Mono_06_Non-classical_CD16_C1QA",6038,220846,0.0273403185930467,"2.73%"
"MKPP",35,"Myeloid cells","Mono_07_MDSC_CD24_ARHGAP26",1169,220846,0.00529328129103538,"0.53%"
"MKPP",36,"Myeloid cells","Mono_08_MDSC_S100A8_S100A9",3101,220846,0.0140414587540639,"1.40%"
"MKPP",37,"Myeloid cells","Mega",3794,220846,0.0171793919744981,"1.72%"
"SKPP",1,"B cells","B_01_Naive_TCL1A_IGHD",8510,227927,0.0373365156387791,"3.73%"
"SKPP",2,"B cells","B_02_iMemory_IGHD_CD27",4051,227927,0.0177732344127725,"1.78%"
"SKPP",3,"B cells","B_03_Memory_CD27",1465,227927,0.00642749652300956,"0.64%"
"SKPP",4,"B cells","B_04_Plasma_IGHA1_IGHG1",2644,227927,0.0116002053288992,"1.16%"
"SKPP",5,"CD4+ T cells","CD4T_01_Naive_CCR7_LEF1",8529,227927,0.0374198756619444,"3.74%"
"SKPP",6,"CD4+ T cells","CD4T_02_Naive_CCR7_TCF7",258,227927,0.00113194136719213,"0.11%"
"SKPP",7,"CD4+ T cells","CD4T_03_Tfh_ICOS_SLAMF1",4337,227927,0.0190280221298925,"1.90%"
"SKPP",8,"CD4+ T cells","CD4T_04_cMemory_CCR7_CD27",17093,227927,0.0749933092612986,"7.50%"
"SKPP",9,"CD4+ T cells","CD4T_05_Th2_CCR4_GATA3",1,227927,4.38736964027956e-06,"0.00%"
"SKPP",10,"CD4+ T cells","CD4T_06_eMemory_GPR183_GZMK",3428,227927,0.0150399031268783,"1.50%"
"SKPP",11,"CD4+ T cells","CD4T_07_Th1_CXCR3_ISG20",5504,227927,0.0241480825000987,"2.41%"
"SKPP",12,"CD4+ T cells","CD4T_08_Treg_FOXP3_IL2RA",3983,227927,0.0174748932772335,"1.75%"
"SKPP",13,"CD4+ T cells","CD4T_09_Pro_MKI67",833,227927,0.00365467891035288,"0.37%"
"SKPP",14,"CD8+ T cells","CD8T_01_Naive_CCR7_LEF1",3645,227927,0.015991962338819,"1.60%"
"SKPP",15,"CD8+ T cells","CD8T_02_cMemory_CCR7_GPR183",1677,227927,0.00735761888674883,"0.74%"
"SKPP",16,"CD8+ T cells","CD8T_03_eMemory_GPR183_GZMH",10915,227927,0.0478881396236514,"4.79%"
"SKPP",17,"CD8+ T cells","CD8T_04_Effector_GZMA_GZMM",16997,227927,0.0745721217758317,"7.46%"
"SKPP",18,"CD8+ T cells","CD8T_05_Effector_GZMK",189,227927,0.000829212862012837,"0.08%"
"SKPP",19,"CD8+ T cells","CD8T_06_Pro",4354,227927,0.0191026074137772,"1.91%"
"SKPP",20,"CD8+ T cells","MAIT",2837,227927,0.0124469676694731,"1.24%"
"SKPP",21,"CD8+ T cells","γδT",1483,227927,0.00650646917653459,"0.65%"
"SKPP",22,"CD8+ T cells","DNT",75,227927,0.000329052723020967,"0.03%"
"SKPP",23,"NK cells","NK_01_Naive_SELL_LEF1",4298,227927,0.0188569147139216,"1.89%"
"SKPP",24,"NK cells","NK_02_Exhaustion_CD160_LAG3",239,227927,0.00104858134402682,"0.10%"
"SKPP",25,"NK cells","NK_03_CD160_GZMB",22949,227927,0.100685745874776,"10.07%"
"SKPP",26,"NK cells","NK_04_CD56_LAG3",4196,227927,0.018409403010613,"1.84%"
"SKPP",27,"Myeloid cells","DC_01_mDC_CD1C_CLEC10A",1369,227927,0.00600630903754272,"0.60%"
"SKPP",28,"Myeloid cells","DC_02_pDC_LILRA4_ITM2C",328,227927,0.0014390572420117,"0.14%"
"SKPP",29,"Myeloid cells","Mono_01_Classical_CD14",26017,227927,0.114146195931153,"11.41%"
"SKPP",30,"Myeloid cells","Mono_02_Classical_CD83",2678,227927,0.0117493758966687,"1.17%"
"SKPP",31,"Myeloid cells","Mono_03_Classical_CD83_HLA-DPB1",31300,227927,0.13732466974075,"13.73%"
"SKPP",32,"Myeloid cells","Mono_04_Intermedate_CD14_CD16",2130,227927,0.00934509733379547,"0.93%"
"SKPP",33,"Myeloid cells","Mono_05_Intermedate_CD83_HLA-DPB1",3509,227927,0.015395280067741,"1.54%"
"SKPP",34,"Myeloid cells","Mono_06_Non-classical_CD16_C1QA",6806,227927,0.0298604377717427,"2.99%"
"SKPP",35,"Myeloid cells","Mono_07_MDSC_CD24_ARHGAP26",5080,227927,0.0222878377726202,"2.23%"
"SKPP",36,"Myeloid cells","Mono_08_MDSC_S100A8_S100A9",8574,227927,0.037617307295757,"3.76%"
"SKPP",37,"Myeloid cells","Mega",5646,227927,0.0247710889890184,"2.48%"
