"ID","Description","setSize","enrichmentScore","NES","pvalue","p.adjust","qvalue","rank","leading_edge","core_enrichment"
"HALLMARK_MTORC1_SIGNALING","HALLMARK_MTORC1_SIGNALING",195,0.632759611653406,1.9078298541875,1.71587116952433e-09,8.57935584762163e-08,5.23792251749531e-08,2960,"tags=47%, list=15%, signal=40%","DDIT4/CXCR4/LDHA/CORO1A/PPA1/MTHFD2/ENO1/SLA/CALR/CTSC/PSMA4/PGK1/CYP51A1/SYTL2/IFI30/RPN1/HSPE1/GAPDH/ACLY/BHLHE40/PSMC6/CANX/TBK1/PRDX1/EGLN3/HSPD1/IDH1/RDH11/ITGB2/ABCF2/NUP205/SLC1A4/PPIA/TPI1/SLC2A3/SORD/STIP1/GPI/G6PD/HPRT1/HSP90B1/GOT1/P4HA1/SLC7A5/CACYBP/PSMD13/MAP2K3/UCHL5/CCNG1/TXNRD1/IDI1/EDEM1/SC5D/DHCR24/PLK1/PFKL/AURKA/PSMB5/PSME3/CCT6A/CDKN1A/ELOVL6/RRM2/BUB1/ATP5MC1/PSAT1/MCM2/EBP/SKAP2/CYB5B/DDX39A/DHCR7/TMEM97/ATP6V1D/DHFR/FADS2/LDLR/PSPH/HMBS/SHMT2/UBE2D3/PSMD12/SCD/ATP2A2/M6PR/NFYC/YKT6/FADS1/HSPA5/RRP9/PNP/PDK1"
"HALLMARK_OXIDATIVE_PHOSPHORYLATION","HALLMARK_OXIDATIVE_PHOSPHORYLATION",200,0.607793810516057,1.84105336741914,2.48336207299469e-08,6.20840518248673e-07,3.7903947429919e-07,2936,"tags=50%, list=15%, signal=43%","SLC25A6/NDUFV2/ATP6V0C/LDHA/CS/NDUFC2/COX8A/UQCRH/COX7C/ATP5PD/SLC25A5/ATP5MF/NDUFB2/NDUFA4/COX7A2/COX6C/VDAC1/SLC25A12/ATP5F1B/TIMM9/NDUFB4/NDUFA8/NDUFA6/NDUFA9/NDUFS4/MRPS12/ATP6V0B/IDH1/NDUFB3/COX7B/NDUFA5/MDH1/BCKDHA/GPI/COX7A2L/ATP5F1A/TIMM50/GRPEL1/CPT1A/IDH3B/NDUFB7/ATP5F1E/NDUFS8/COX17/MTRF1/OAT/MRPS11/PRDX3/ACAT1/MRPS22/SLC25A20/UQCRQ/NDUFS6/SDHD/NDUFA3/COX5B/RHOT2/PDHA1/NDUFS3/MRPL15/CASP7/MRPS15/CYCS/ATP5MC1/VDAC3/NDUFB5/TIMM17A/ATP5PO/ATP6V1C1/ACADSB/RETSAT/CYB5A/SLC25A4/UQCR10/ATP6V1D/TCIRG1/NDUFA1/COX6A1/ATP5MC3/MRPL11/NDUFA2/TOMM70/DLD/HCCS/ATP5PB/HSD17B10/PDHX/DLAT/ISCU/IDH2/ACADM/POR/NDUFA7/TIMM8B/NDUFB6/TOMM22/CYB5R3/IDH3G/COX6B1"
"HALLMARK_INTERFERON_GAMMA_RESPONSE","HALLMARK_INTERFERON_GAMMA_RESPONSE",195,0.601018076560989,1.81212613487327,1.01717746173667e-07,1.69529576956112e-06,1.03502268036363e-06,3024,"tags=44%, list=15%, signal=37%","PSMA2/RAPGEF6/PIM1/NFKBIA/SOCS3/UPP1/PDE4B/SOCS1/MT2A/CASP1/MTHFD2/PSMB2/ZBP1/MVP/CASP8/IFNAR2/TAPBP/IFI35/STAT4/TAP1/B2M/IFI30/LCP2/SOD2/IRF1/IFITM2/IL15RA/ITGB7/PSME2/ARID5B/BST2/PLSCR1/LGALS3BP/PSMB9/PSMB10/PFKP/APOL6/NMI/IL4R/CCL5/GBP4/MYD88/GZMA/EIF4E3/SRI/NUP93/PTPN1/RIPK1/HLA-G/HIF1A/SLAMF7/IL18BP/TRIM14/VAMP8/SP110/CD38/CDKN1A/VAMP5/TRAFD1/CASP7/HLA-B/IL15/IFITM3/NOD1/HLA-DQA1/PSMB8/LATS2/UBE2L6/LY6E/FAS/PSME1/IRF8/TOR1B/RNF31/CASP4/TNFSF10/TDRD7/RIPK2/IRF9/CMTR1/PNP/CD274/IFIT2/TXNIP/DHX58"
"HALLMARK_E2F_TARGETS","HALLMARK_E2F_TARGETS",198,0.533534165557981,1.61411059676348,3.54243602489302e-05,0.000442804503111628,0.000270343801899731,3984,"tags=57%, list=20%, signal=46%","RAD50/MYC/MTHFD2/JPT1/RAN/POLE4/CDK4/PAICS/KIF4A/NUP205/CCP110/RFC2/MRE11/SPC24/ZW10/CKS1B/SPC25/AURKB/MAD2L1/KIF18B/HMMR/HMGB2/CIT/NCAPD2/CENPE/TK1/CDK1/DEPDC1/TBRG4/POLE/PLK4/SPAG5/NOP56/MKI67/PLK1/PMS2/NBN/CDKN2A/PCNA/AURKA/KIF2C/NUDT21/NME1/ORC2/CDKN1A/DONSON/CDC25B/TIMELESS/RRM2/RPA3/DIAPH3/CHEK2/MCM2/CKS2/MMS22L/POLD1/CDCA3/DDX39A/NAP1L1/TUBB/POLA2/UBR7/MXD3/NOLC1/POP7/PPP1R8/PHF5A/MCM6/TOP2A/BUB1B/CCNB2/SRSF1/STMN1/SSRP1/TIPIN/NUP107/HUS1/IPO7/KIF22/CDKN1B/DLGAP5/CHEK1/MYBL2/SRSF2/CDC20/BARD1/POLD2/LMNB1/CDKN3/MELK/RAD51AP1/PRIM2/GINS1/BIRC5/CCNE1/KPNA2/GINS3/UBE2T/CBX5/ING3/SMC3/ESPL1/ASF1B/MCM3/TUBG1/MCM4/CDCA8/ILF3/TRIP13/ANP32E/DSCC1/PA2G4"
"HALLMARK_GLYCOLYSIS","HALLMARK_GLYCOLYSIS",194,0.538445347291728,1.62457547101385,5.80143715936277e-05,0.000580143715936277,0.00035419300551899,3380,"tags=32%, list=17%, signal=27%","DDIT4/TXN/CXCR4/LDHA/MIF/ENO1/PGK1/PKM/MPI/SOD1/EGLN3/IDH1/FKBP4/HAX1/PPIA/TPI1/MDH1/COG2/PGAM1/PFKP/G6PD/GYS1/SLC16A3/GOT1/SLC35A3/HMMR/P4HA1/COPB2/CDK1/DEPDC1/GUSB/AKR1A1/SRD5A3/AURKA/BPNT1/GALK1/MED24/POLR3K/NSDHL/CASP6/ARPP19/CHPF2/VCAN/CYB5A/DLD/GALE/STMN1/EXT2/ANKZF1/HSPA5/KIF20A/PLOD1/GCLC/EXT1/SDHC/GNPDA1/GLRX/CLN6/B4GALT2/ALG1/NANP/ENO2/GPC1"
"HALLMARK_MYC_TARGETS_V1","HALLMARK_MYC_TARGETS_V1",195,0.522268573108279,1.57468896138342,0.000147932833789934,0.00123277361491612,0.000752640733317208,2356,"tags=44%, list=12%, signal=39%","PSMA2/RPL22/EIF4A1/HNRNPA1/LDHA/RPS6/IMPDH2/EEF1B2/MYC/PSMB2/RPS3/RAN/SNRPA1/RPLP0/PSMA4/PGK1/VDAC1/NPM1/RNPS1/CDK4/HSPE1/MRPL9/RSL1D1/HSP90AB1/PSMC6/UBE2L3/CANX/NHP2/DDX21/HSPD1/PPIA/TCP1/CCT3/RPL14/BUB3/HPRT1/CCT7/PSMA1/MAD2L1/PSMD8/EIF3D/STARD7/NOP16/GLO1/CCT5/PSMA6/PRDX3/SNRPB2/ACP1/NOP56/RPL6/PSMA7/SERBP1/SNRPD1/PCNA/NME1/ORC2/DHX15/SRPK1/EIF4G2/APEX1/EIF1AX/CLNS1A/VDAC3/MCM2/CCNA2/PSMD1/SSBP1/PABPC4/G3BP1/NAP1L1/HNRNPA2B1/FAM120A/TUFM/MRPS18B/HNRNPA3/NOLC1/RPL34/TOMM70/EIF4E/MCM6/RPL18/CCT2/SRSF1/RUVBL2"
"HALLMARK_UNFOLDED_PROTEIN_RESPONSE","HALLMARK_UNFOLDED_PROTEIN_RESPONSE",108,0.563394841233022,1.59089198962825,0.00101455782127701,0.0072468415805501,0.00442438749128322,2122,"tags=35%, list=11%, signal=32%","EIF4A1/DDIT4/ERN1/EIF4G1/MTHFD2/ATF4/EDC4/EIF4A2/CALR/HERPUD1/NPM1/LSM1/NHP2/SPCS3/NOP14/PDIA6/SLC1A4/EEF2/CKS1B/YIF1A/HSP90B1/EXOSC1/SLC7A5/HYOU1/EDEM1/KHSRP/NOP56/SRPRA/TUBB2A/ATP6V0D1/PSAT1/DCTN1/RPS14/ARFGAP1/EXOSC5/SPCS1/NOLC1/EIF4E"
"HALLMARK_UV_RESPONSE_DN","HALLMARK_UV_RESPONSE_DN",137,-0.488727254061631,-1.51516244119137,0.00132208451506197,0.00808604772605179,0.00493674492748425,2513,"tags=29%, list=13%, signal=26%","PTPRM/NFKB1/MAPK14/DYRK1A/PRKCA/PPARG/ARHGEF9/CAV1/SPOP/ADD3/TENT4A/BCKDHB/YTHDC1/SCAF8/SLC7A1/ATRN/NR1D2/TOGARAM1/RASA2/MAP2K5/CITED2/MGMT/NIPBL/DUSP1/PRDM2/ICA1/ATRX/ATP2B4/NEK7/CELF2/CDK13/ATXN1/DBP/RUNX1/WDR37/ATP2B1/PHF3/FYN/DLG1/PTEN"
"HALLMARK_ADIPOGENESIS","HALLMARK_ADIPOGENESIS",196,0.475742964824148,1.43715362984448,0.00145548859068932,0.00808604772605179,0.00493674492748425,3312,"tags=34%, list=17%, signal=29%","SQOR/CS/COX8A/PIM3/DHRS7/ATP1B3/RMDN3/GPHN/MTCH2/CD151/ACLY/TKT/SOD1/STOM/IDH1/REEP5/COX7B/SLC25A1/NDUFA5/GHITM/BCKDHA/GRPEL1/IFNGR1/NDUFB7/PRDX3/SCP2/UBC/LPCAT3/UQCRQ/PFKL/COQ3/COQ9/ELOVL6/SULT1A1/ARAF/NDUFS3/MRPL15/COQ5/DNAJC15/ACADS/ATP5PO/ABCA1/DHCR7/RETSAT/PFKFB3/UBQLN1/UQCR10/COX6A1/DHRS7B/BCL6/DLD/PTCD3/ESYT1/DLAT/HADH/ACADM/RNF11/POR/RREB1/IDH3G/TST/SDHC/ACAA2/APLP2/SLC19A1/MGLL/MIGA2"
"HALLMARK_ALLOGRAFT_REJECTION","HALLMARK_ALLOGRAFT_REJECTION",192,0.485650041530766,1.46500141170802,0.00226067085666654,0.0113033542833327,0.00690099524666627,1779,"tags=29%, list=9%, signal=26%","RPS9/RPS3A/RPS19/RPL9/TIMP1/SOCS1/BCL3/RPL39/IFNAR2/TAPBP/GZMB/STAT4/TAP1/B2M/LY75/NPM1/IL2RA/LCP2/MRPL3/IFNGR2/TLR1/TAP2/PRF1/PF4/MAP4K1/ITGB2/LYN/EIF4G3/CCL4/IL18RAP/PSMB10/CD8A/IL4R/CCL5/KLRD1/ACVR2A/IFNGR1/GZMA/EIF3D/WAS/GLMN/MTIF2/HLA-G/HIF1A/GPR65/FLNA/CDKN2A/CD7/TPD52/NME1/DEGS1/FGR/IL2RG/F2R/IL15"
"HALLMARK_IL2_STAT5_SIGNALING","HALLMARK_IL2_STAT5_SIGNALING",197,0.471287719066696,1.42333127332663,0.00298673406292006,0.0135760639223639,0.00828854428944323,2946,"tags=30%, list=15%, signal=26%","PIM1/SOCS1/PTGER2/BATF/MYC/CST7/FURIN/RNH1/ADAM19/HOPX/MAP3K8/IL2RA/BHLHE40/NDRG1/MXD1/PLSCR1/AHR/ICOS/SLC2A3/SYNGR2/SNX9/GLIPR2/TNFRSF4/IL4R/GBP4/IFNGR1/P4HA1/GSTO1/SELL/SERPINB6/CDC6/GPR65/ITGAE/LCLAT1/UCK2/TNFRSF1B/AHCY/IL18R1/RGS16/CD48/CYFIP1/IFITM3/IL3RA/PRNP/PLPP1/PHTF2/ALCAM/SOCS2/MAFF/IL1R2/CSF1/IRF8/GALM/TNFSF10/P2RX4/ST3GAL4/CD79B/MAPKAPK2/MYO1C/PNP"
"HALLMARK_XENOBIOTIC_METABOLISM","HALLMARK_XENOBIOTIC_METABOLISM",192,0.469105436150828,1.4150933129434,0.0045436687383871,0.0189319530766129,0.0115584555625637,3053,"tags=24%, list=16%, signal=20%","UPP1/MT2A/ID2/DHRS7/COMT/IDH1/TMBIM6/CBR1/PSMB10/HPRT1/SLC35B1/GSTO1/PTGDS/PGD/CNDP2/LPIN2/ACP1/MAN1A1/AHCY/GART/CASP6/DHRS1/TKFC/ARPP19/MTHFD1/ASL/RETSAT/CYB5A/AQP9/TMEM97/SAR1B/SHMT2/FAS/ACP2/SLC46A3/BLVRB/IRF8/ATP2A2/DCXR/POR/CES1/IL1R1/UGDH/GCLC/SERTAD1/NINJ1"
"HALLMARK_INFLAMMATORY_RESPONSE","HALLMARK_INFLAMMATORY_RESPONSE",199,0.454358419710196,1.3732861908898,0.00526228704736826,0.020239565566801,0.0123567873986785,2545,"tags=25%, list=13%, signal=22%","NFKBIA/PDE4B/TIMP1/PTGER2/MYC/GPR132/TAPBP/LCP2/IFNGR2/IRF1/RGS1/IL15RA/TLR1/BST2/MXD1/RHOG/AHR/IL7R/LYN/GNA15/IL18RAP/NMI/IL4R/CCL5/ACVR2A/ADRM1/SRI/SELL/HIF1A/CD55/IFNAR1/SELENOS/TNFRSF1B/CDKN1A/IL18R1/OSM/RGS16/IL15/ABCA1/CD48/CD70/AQP9/LDLR/SLC31A1/LY6E/PROK2/CSF1/ITGA5/ATP2A2"
"HALLMARK_COMPLEMENT","HALLMARK_COMPLEMENT",199,0.451553801911447,1.36480930848449,0.00577428858927435,0.0206224592474084,0.0125905540668388,2672,"tags=27%, list=14%, signal=23%","ERAP2/PIM1/S100A9/TIMP1/CASP1/APOBEC3G/PLEK/CD59/ITGAM/GZMB/CTSC/CBLB/CTSB/LCP2/IRF1/ATOX1/FCN1/PLSCR1/RHOG/LYN/PSMB9/S100A12/CCL5/GZMA/WAS/CD55/GNB2/DPP4/GCA/CTSD/ADAM9/GNGT2/CASP7/SPOCK2/APOBEC3F/USP16/CTSH/PREP/RBSN/DUSP5/STX4/MSRB1/CPM/CLU/HSPA1A/EHD1/MAFF/CALM3/VCPIP1/LAMP2/XPNPEP1/FCER1G/CASP4"
"HALLMARK_INTERFERON_ALPHA_RESPONSE","HALLMARK_INTERFERON_ALPHA_RESPONSE",96,0.52652081071873,1.46726062238821,0.00678394644730405,0.0226131548243468,0.0138059261032854,3277,"tags=46%, list=17%, signal=38%","CASP1/HLA-C/PARP9/CASP8/IFI35/TAP1/B2M/IFI30/IRF1/IFITM2/PSME2/BST2/UBA7/PLSCR1/LGALS3BP/LPAR6/PSMB9/NMI/IL4R/GBP4/CNP/MOV10/SELL/TRIM14/SP110/TRAFD1/IL15/IFITM3/PSMB8/UBE2L6/LY6E/PSME1/CSF1/RNF31/TDRD7/RIPK2/IRF9/CMTR1/IFIT2/TXNIP/DHX58/OAS1/PNPT1/SAMD9L"
"HALLMARK_G2M_CHECKPOINT","HALLMARK_G2M_CHECKPOINT",192,0.460169091424393,1.3881361287157,0.00763891595637298,0.0238716123636656,0.0145742475483432,3610,"tags=49%, list=18%, signal=41%","BCL3/MT2A/NUSAP1/MYC/JPT1/MNAT1/CDK4/KIF4A/ODF2/CHMP1A/UBE2C/CKS1B/BUB3/EWSR1/AURKB/MAD2L1/HMMR/SLC7A5/STIL/EXO1/NOTCH2/HIF1A/CDC6/TROAP/CENPE/CDK1/POLE/PLK4/NEK2/POLQ/FOXN3/MKI67/PLK1/CENPF/PBK/SNRPD1/AURKA/WRN/KIF2C/UCK2/KIF11/KNL1/CDC25B/E2F2/BUB1/PRC1/RBL1/MCM2/KIF15/CKS2/DTYMK/CCNA2/G3BP1/TPX2/DDX39A/POLA2/HMGN2/PRMT5/RAD54L/TTK/NOLC1/HSPA8/HIRA/MCM6/TOP2A/ORC5/CCNB2/KIF23/FBXO5/SRSF1/STMN1/HUS1/KIF22/CDKN1B/CHEK1/MYBL2/SRSF2/CDC45/CDC20/BARD1/CDC7/NDC80/LMNB1/CDKN3/FANCC/RBM14/PRIM2/E2F4/BIRC5/KPNA2/SMAD3/DR1/PML/TNPO2/ESPL1"
"HALLMARK_MYC_TARGETS_V2","HALLMARK_MYC_TARGETS_V2",57,0.559983406789574,1.44937660451873,0.0151389263771056,0.0445262540503106,0.0271844498412423,3984,"tags=54%, list=20%, signal=43%","MYC/DUSP2/NPM1/CDK4/HSPE1/HSPD1/NIP7/SORD/NOP16/TBRG4/PLK4/NOP56/PLK1/MYBBP1A/IMP4/IPO4/EXOSC5/TMEM97/NOLC1/PPRC1/MRTO4/PES1/RRP9/MPHOSPH10/SLC19A1/RCL1/UTP20/MCM4/NOC4L/LAS1L/PA2G4"
"HALLMARK_FATTY_ACID_METABOLISM","HALLMARK_FATTY_ACID_METABOLISM",151,0.446124428046068,1.31375524967028,0.024598125166283,0.0647319083323238,0.0395205335081556,3438,"tags=35%, list=18%, signal=29%","LDHA/MIF/GRHPR/HSP90AA1/ACSL5/LGALS1/GLUL/IDH1/RDH11/GCDH/NTHL1/CBR1/MDH1/CPT1A/IDH3B/UROD/IDI1/PCBD1/SDHD/DHCR24/NBN/PDHA1/NSDHL/HSD17B7/APEX1/ACADS/OSTC/ERP29/RETSAT/FASN/DLD/HCCS/UBE2L6/ACSL1/PSME1/BLVRA/HSD17B10/PRDX6/HADH/ACADM/IDH3G/UGDH/ADSL/PDHB/HMGCL/SDHC/ACAA2/NCAPH2/ACOT2/MGLL/ENO2/G0S2/METAP1"
"HALLMARK_HYPOXIA","HALLMARK_HYPOXIA",190,0.428904184260674,1.29171074957399,0.0239347790243401,0.0647319083323238,0.0395205335081556,1505,"tags=17%, list=8%, signal=16%","PIM1/DDIT4/CXCR4/LDHA/S100A4/MIF/MT2A/MT1E/IDS/GRHPR/ENO1/ANXA2/PGK1/ZFP36/TPST2/GAPDH/BHLHE40/MYH9/NDRG1/SLC25A1/TPI1/SLC2A3/GPI/PFKP/GYS1/JMJD6/P4HA1/PFKL/GALK1/TPD52/FOSL2/CDKN1A"
"HALLMARK_REACTIVE_OXYGEN_SPECIES_PATHWAY","HALLMARK_REACTIVE_OXYGEN_SPECIES_PATHWAY",49,0.578130461543279,1.46018703753742,0.0266996586702553,0.0667491466756382,0.0407521106019686,3183,"tags=47%, list=16%, signal=39%","TXN/FTL/SOD2/NDUFB4/NDUFA6/SOD1/PRDX1/ATOX1/PFKP/G6PD/IPCEF1/PTPA/TXNRD1/SBNO2/SELENOS/JUNB/PRNP/PRDX2/GLRX2/PRDX6/GCLC/FES/GLRX"
"HALLMARK_ANGIOGENESIS","HALLMARK_ANGIOGENESIS",34,0.596828638855372,1.40979427979101,0.0486100956689337,0.115738323021271,0.0706612919498284,2858,"tags=18%, list=15%, signal=15%","S100A4/TIMP1/PF4/VCAN/LRPAP1/APP"
"HALLMARK_IL6_JAK_STAT3_SIGNALING","HALLMARK_IL6_JAK_STAT3_SIGNALING",84,0.482835940733139,1.32009553779211,0.0575296108291032,0.130234421959527,0.0795115418279218,2450,"tags=32%, list=13%, signal=28%","PIM1/SOCS3/SOCS1/MAP3K8/IL2RA/IFNGR2/IRF1/IL15RA/PF4/HAX1/IL4R/IFNGR1/MYD88/TYK2/PTPN1/IFNAR1/IL10RB/CD38/TNFRSF1B/IL18R1/IL2RG/IL3RA/IL17RB/FAS/IL1R2/CSF1/BAK1"
"HALLMARK_DNA_REPAIR","HALLMARK_DNA_REPAIR",148,0.423536014043847,1.24386918389676,0.0599078341013825,0.130234421959527,0.0795115418279218,2946,"tags=34%, list=15%, signal=29%","PDE4B/IMPDH2/ERCC5/BOLA2/POLE4/DDB2/POLD4/EDF1/GTF2H3/BCAP31/SEC61A1/RFC2/POLR2E/HPRT1/TAF9/GTF2H5/ADRM1/ERCC3/NELFE/SNAPC5/COX17/POLR2J/ERCC8/SRSF6/POLH/AAAS/CLP1/PCNA/MPC2/CANT1/NUDT21/NME1/RPA3/TMED2/SMAD5/POLD1/RNMT/POLA2/AGO4/POLR2K/DDB1/SSRP1/GTF3C5/RALA/POLR1D/UPF3B/POLR3GL/TAF6/ZWINT/XPC/PNP"
"HALLMARK_P53_PATHWAY","HALLMARK_P53_PATHWAY",194,0.395420239336885,1.19304591413079,0.0885093167701863,0.184394409937888,0.112577639751553,3059,"tags=31%, list=16%, signal=26%","DDIT4/S100A4/UPP1/SOCS1/CASP1/ERCC5/RPL36/RPS12/TAP1/IFI30/DDB2/NDRG1/SEC61A1/MXD1/STOM/RALGDS/CDKN2AIP/KIF13B/CCP110/NOTCH1/MAPKAPK3/HINT1/RHBDF2/CCNG1/VAMP8/ZFP36L1/POLH/PIDD1/CDKN2A/PCNA/TPRKB/CDKN1A/CTSD/TRAFD1/ELP1/VDR/RGS16/F2R/DNTTIP2/PLK3/RETSAT/ANKRA2/ZBTB16/RPS27L/SLC3A2/RPL18/FAS/ABCC5/BAK1/ISCU/DCXR/XPC/APP/CCNK/ZNF365/CGRRF1/TXNIP/AEN/NINJ1/MDM2"
"HALLMARK_COAGULATION","HALLMARK_COAGULATION",129,0.424944357194311,1.22691167329281,0.0960629921259843,0.192125984251969,0.117297969332781,3639,"tags=22%, list=19%, signal=18%","TIMP1/PLEK/FURIN/PEF1/CTSB/PF4/WDR1/GNB2/DPP4/ADAM9/CTSH/PREP/CRIP2/CLU/MAFF/CFD/LAMP2/ISCU/ARF4/F2RL2/ITGA2/SIRT2/CD9/PRSS23/CASP9/CPQ/SERPINA1/A2M/SPARC"
"HALLMARK_CHOLESTEROL_HOMEOSTASIS","HALLMARK_CHOLESTEROL_HOMEOSTASIS",73,0.464242166968479,1.24164422981371,0.11965811965812,0.230111768573307,0.140489290286861,2793,"tags=37%, list=14%, signal=32%","S100A11/SREBF2/CYP51A1/PLSCR1/ABCA2/FBXO6/MVD/IDI1/GUSB/PMVK/FDPS/SC5D/TP53INP1/NSDHL/HSD17B7/FDFT1/EBP/DHCR7/TMEM97/FASN/FADS2/LDLR/CLU/ALCAM/SCD/CHKA/PCYT2"
"HALLMARK_TNFA_SIGNALING_VIA_NFKB","HALLMARK_TNFA_SIGNALING_VIA_NFKB",197,0.378351517688304,1.14265559158384,0.141321044546851,0.261705638049724,0.159778179019832,2442,"tags=25%, list=12%, signal=22%","NFKBIA/SOCS3/PDE4B/BCL3/ID2/EIF1/MYC/BIRC3/DUSP2/RELB/PLEK/TAP1/ZFP36/MAP3K8/SOD2/B4GALT5/IFNGR2/IRF1/IL15RA/BHLHE40/MXD1/IL7R/SLC2A3/CCL4/BIRC2/CCL5/CFLAR/MAP2K3/ZC3H12A/JUNB/FOSL2/CCNL1/CDKN1A/TUBB2A/AREG/TNIP1/ABCA1/PFKFB3/DUSP5/SLC16A6/BCL2A1/PANX1/BCL6/LDLR/EHD1/MAFF/MSC/CSF1/NFKB2"
"HALLMARK_EPITHELIAL_MESENCHYMAL_TRANSITION","HALLMARK_EPITHELIAL_MESENCHYMAL_TRANSITION",191,0.379483593132886,1.14545253805673,0.147239263803681,0.262927256792288,0.160524009410028,3380,"tags=14%, list=17%, signal=11%","TIMP1/ID2/CD59/IL32/LGALS1/GPX7/CALU/PPIB/NOTCH2/SNTB1/FLNA/TGFBR3/AREG/IL15/VCAN/GLIPR1/FAS/ITGA5/MYL9/PLOD1/COPA/TPM4/ITGA2/COL6A2/ENO2/GPC1"
"HALLMARK_ESTROGEN_RESPONSE_LATE","HALLMARK_ESTROGEN_RESPONSE_LATE",187,0.375894358180794,1.13069471191344,0.175654853620955,0.302853195898199,0.184899845916795,2838,"tags=19%, list=15%, signal=17%","S100A9/ID2/BATF/FKBP5/DUSP2/ZFP36/COX6C/FKBP4/SLC1A4/AFF1/SORD/PPIF/HPRT1/SLC7A5/STIL/CDC6/PLK4/ITPK1/AREG/FDFT1/OVOL2/DHCR7/SLC16A1/LLGL2/TOP2A/IL17RB/GALE/PDZK1/BLVRB/SLC27A2/DCXR/IDH2/CDC20/CLIC3/KIF20A/AMFR"
"HALLMARK_PEROXISOME","HALLMARK_PEROXISOME",102,0.408551674726354,1.1423875828925,0.183946488294314,0.306577480490524,0.187173619667899,3280,"tags=32%, list=17%, signal=27%","MVP/ACSL5/TSPO/SOD2/SOD1/PRDX1/IDH1/RDH11/GSTK1/SLC35B2/CTBP1/ERCC3/SCP2/IDI1/FDPS/DHCR24/RETSAT/SLC25A4/FIS1/TOP2A/PEX2/ACSL1/ABCC5/SLC27A2/ESR2/GNPAT/IDH2/SLC25A17/FADS1/HMGCL/PABPC1/CLN6/ABCD3"
"HALLMARK_PROTEIN_SECRETION","HALLMARK_PROTEIN_SECRETION",95,-0.372989733410834,-1.1202436876838,0.190594059405941,0.307409773235388,0.187681756291079,1466,"tags=24%, list=7%, signal=23%","AP3S1/IGF2R/TSG101/AP3B1/PAM/MAPK1/ARFIP1/SEC31A/CLN5/STAM/AP1G1/CLTA/RAB5A/MON2/AP2B1/ICA1/RAB22A/RER1/CLCN3/RAB2A/ARFGEF1/SGMS1/GNAS"
"HALLMARK_APICAL_JUNCTION","HALLMARK_APICAL_JUNCTION",193,-0.331303922485494,-1.06873662492856,0.220055710306407,0.34383704735376,0.209921565752822,2422,"tags=15%, list=12%, signal=13%","MAPK14/CTNND1/EVL/GTF2F1/CDK8/AKT2/WASL/RRAS/LAYN/ARHGEF6/GAMT/CNN2/ACTN1/HRAS/NF1/PECAM1/EXOC4/PBX2/ICAM2/LDLRAP1/PFN1/B4GALT1/GNAI2/YWHAH/FYB1/DLG1/PTPRC/PTEN"
"HALLMARK_HEME_METABOLISM","HALLMARK_HEME_METABOLISM",190,-0.329347573069709,-1.06056868141714,0.23943661971831,0.362782757148954,0.221488420154098,1910,"tags=17%, list=10%, signal=15%","CAT/BMP2K/CCND3/HAGH/TFRC/FBXO34/DAAM1/AQP3/CDC27/MKRN1/BNIP3L/ACP5/DCUN1D1/ISCA1/RIOK3/FBXO7/GYPC/RANBP10/HDGF/TOP1/YPEL5/USP15/CPOX/CLCN3/NEK7/EPB41/TCEA1/RBM38/SDCBP/MARK3/TNRC6B/GLRX5"
"HALLMARK_SPERMATOGENESIS","HALLMARK_SPERMATOGENESIS",117,0.384613977711237,1.09590671424154,0.247603833865815,0.364123285096786,0.222306847743301,3470,"tags=24%, list=18%, signal=20%","LPIN1/NF2/IL12RB2/ZC3H14/TSN/MTOR/CDK1/NEK2/AURKA/KIF2C/NCAPH/BUB1/VDAC3/PHKG2/TTK/COIL/RAD17/SCG5/CCNB2/MAST2/PGS1/GFI1/CDKN3/GSTM3/CLPB/POMC/PIAS2/IDE"
"HALLMARK_ESTROGEN_RESPONSE_EARLY","HALLMARK_ESTROGEN_RESPONSE_EARLY",194,-0.322587823306614,-1.03981345352708,0.279329608938547,0.399042298483639,0.24362582433738,1863,"tags=12%, list=10%, signal=11%","ABAT/SEC14L2/FARP1/ADD3/MYB/AQP3/SH3BP5/KDM4B/CHPT1/NCOR2/OPN3/CD44/ABLIM1/BAG1/SIAH2/RETREG1/TOB1/B4GALT1/RASGRP1/FCMR/FOS/IL6ST/ELF1/BCL11B"
"HALLMARK_UV_RESPONSE_UP","HALLMARK_UV_RESPONSE_UP",155,0.358936802497324,1.06019703710106,0.30568356374808,0.424560505205666,0.259205361072933,3439,"tags=33%, list=18%, signal=27%","NFKBIA/BSG/FURIN/TAP1/SELENOW/RPN1/SOD2/IRF1/DDX21/TMBIM6/FKBP4/HLA-F/LYN/PPIF/STIP1/GRPEL1/PPT1/CNP/UROD/MARK2/ARRB2/AP2S1/GGH/JUNB/SULT1A1/ATP6V1C1/CYB5B/SIGMAR1/SLC25A4/TGFBRAP1/PSMC3/PRKACA/BAK1/NXF1/RAB27A/YKT6/EIF5/CREG1/CHKA/BCL2L11/HSPA13/NUP58/WIZ/AGO2/KLHDC3/TST/PRKCD/TUBA4A/CCNE1/ENO2/ICAM1"
"HALLMARK_MYOGENESIS","HALLMARK_MYOGENESIS",183,0.344741620003459,1.03376969792347,0.368258859784284,0.497647107816599,0.303826655298555,3369,"tags=15%, list=17%, signal=12%","EIF4A2/LPIN1/BHLHE40/MYH9/TPM3/SYNGR2/BIN1/NOTCH1/MYOM2/FDPS/CDKN1A/PRNP/FXYD1/CLU/ACSL1/PDLIM7/CFD/GABARAPL2/SORBS3/SCD/SMTN/APP/MYO1C/FKBP1B/FHL1/SIRT2/COL6A2"
"HALLMARK_HEDGEHOG_SIGNALING","HALLMARK_HEDGEHOG_SIGNALING",35,0.437153726330795,1.03764489468884,0.400702987697715,0.514002126905353,0.313811824847478,5114,"tags=31%, list=26%, signal=23%","MYH9/LDB1/ADGRG1/RASA1/TLE1/PML/CDK5R1/TLE3/DPYSL2/VEGFA/ETS2"
"HALLMARK_APOPTOSIS","HALLMARK_APOPTOSIS",158,0.341942787853608,1.01101810520777,0.427692307692308,0.514002126905353,0.313811824847478,2998,"tags=28%, list=15%, signal=24%","TIMP1/SATB1/CASP1/BIRC3/CASP8/DAP3/TAP1/TSPO/SOD2/IRF1/SOD1/PRF1/BCAP31/SMAD7/GNA15/PPT1/IFNGR1/CFLAR/HMGB2/SC5D/CD38/TGFBR3/RHOT2/CDKN1A/CDC25B/CASP7/CASP6/F2R/PAK1/EBP/RETSAT/IFITM3/TOP2A/DFFA/CLU/FAS/CDKN1B/CASP4/TNFSF10/BCL2L11/FEZ1/APP/SLC20A1/TXNIP"
"HALLMARK_KRAS_SIGNALING_DN","HALLMARK_KRAS_SIGNALING_DN",171,-0.318718596860773,-1.00757529949254,0.407932011331445,0.514002126905353,0.313811824847478,2196,"tags=9%, list=11%, signal=8%","COQ8A/RSAD2/MAST3/DTNB/PDK2/IFNG/SIDT1/SLC16A7/GAMT/CDKAL1/SNN/LFNG/NR4A2/MX1/PTPRJ"
"HALLMARK_ANDROGEN_RESPONSE","HALLMARK_ANDROGEN_RESPONSE",96,0.359968279260667,1.00312707630121,0.429765886287625,0.514002126905353,0.313811824847478,2055,"tags=22%, list=11%, signal=20%","HERC3/FKBP5/CENPN/B2M/MAF/TMEM50A/ARID5B/NDRG1/NCOA4/SPCS3/SEC24D/SORD/DBI/ADRM1/IDI1/UBE2I/DHCR24/TPD52/INPP4B/ELL2/PLPP1"
"HALLMARK_PI3K_AKT_MTOR_SIGNALING","HALLMARK_PI3K_AKT_MTOR_SIGNALING",103,-0.328493538041417,-0.994931526677711,0.431761786600496,0.514002126905353,0.313811824847478,1852,"tags=21%, list=9%, signal=19%","PRKAR2A/THEM4/MAPKAP1/MAPK1/NCK1/CAB39/LCK/PIKFYVE/HRAS/ACTR2/YWHAB/TNFRSF1A/ITPR2/PFN1/RPTOR/PRKCB/GRK2/RAC1/SQSTM1/GRB2/CAMK4/PTEN"
"HALLMARK_WNT_BETA_CATENIN_SIGNALING","HALLMARK_WNT_BETA_CATENIN_SIGNALING",42,-0.3811642675917,-0.980385904998537,0.483412322274882,0.557004470938897,0.34006588752059,2536,"tags=29%, list=13%, signal=25%","CUL1/WNT5B/TP53/DVL2/CCND2/RBPJ/CTNNB1/PPARD/NCOR2/NUMB/LEF1/TCF7"
"HALLMARK_BILE_ACID_METABOLISM","HALLMARK_BILE_ACID_METABOLISM",105,0.346676025321049,0.975400919776001,0.49016393442623,0.557004470938897,0.34006588752059,4324,"tags=27%, list=22%, signal=21%","ACSL5/SOD1/IDH1/GSTK1/ABCA2/SLC35B2/SCP2/IDI1/DHCR24/ABCA1/RETSAT/AQP9/FADS2/ACSL1/SLC27A2/GNPAT/IDH2/FADS1/NR3C2/ABCD3/CROT/SLC29A1/LIPE/SULT1B1/ABCA5/FDXR/PFKM/ABCD1"
"HALLMARK_PANCREAS_BETA_CELLS","HALLMARK_PANCREAS_BETA_CELLS",30,0.413857167726675,0.955398606680846,0.54136690647482,0.601518784972022,0.367243047667129,2502,"tags=17%, list=13%, signal=15%","DPP4/VDR/SPCS1/SRP9/SRPRB"
"HALLMARK_MITOTIC_SPINDLE","HALLMARK_MITOTIC_SPINDLE",197,0.314530056010443,0.94990904071804,0.576036866359447,0.626127028651573,0.382267028018855,3780,"tags=38%, list=19%, signal=31%","RAPGEF6/CDC42/ACTN4/NUSAP1/ALMS1/KLC1/ARHGDIA/TUBGCP5/MYH9/KIF4A/BIN1/PXN/ARHGEF7/NOTCH2/KATNB1/CENPE/CDK1/APC/NEK2/FLNA/KNTC1/PLK1/CYTH2/CENPF/CKAP5/CLIP1/AURKA/KIF2C/ATG4B/RHOT2/KIF11/SOS1/BUB1/PRC1/CNTROB/KIF15/MID1IP1/ANLN/TPX2/ARHGAP4/TTK/TOP2A/CCNB2/KIF23/FBXO5/TBCD/PLEKHG2/TAOK2/PIF1/KIF22/DLGAP5/PKD2/RHOF/BCL2L11/ARHGEF11/NDC80/LMNB1/VCL/RASA1/ARHGAP27/TUBA4A/BIRC5/MAPRE1/CCDC88A/ARFIP2/KIF3B/ARHGAP10/SMC3/ESPL1/FGD6/GEMIN4/SUN2/ARHGAP5/DST/ARL8A"
"HALLMARK_NOTCH_SIGNALING","HALLMARK_NOTCH_SIGNALING",32,0.392519117650816,0.91433688520908,0.63016157989228,0.670384659459872,0.409287476301817,1077,"tags=12%, list=6%, signal=12%","SKP1/APH1A/NOTCH1/NOTCH2"
"HALLMARK_KRAS_SIGNALING_UP","HALLMARK_KRAS_SIGNALING_UP",188,0.307898669358355,0.926705605379482,0.645061728395062,0.671939300411523,0.410236625514403,1684,"tags=11%, list=9%, signal=10%","CXCR4/SATB1/ID2/BIRC3/PRDM1/RBM4/ADAM8/PPBP/LY96/MAP4K1/ITGB2/IL7R/LAPTM5/PRELID3B/LAT2/TNFRSF1B/HKDC1/MMD/EVI5/IL2RG/RGS16"
"HALLMARK_TGF_BETA_SIGNALING","HALLMARK_TGF_BETA_SIGNALING",53,0.32842540309723,0.843019953510946,0.756302521008403,0.771737266335105,0.471165909973012,1513,"tags=19%, list=8%, signal=17%","ID2/FURIN/RHOA/IFNGR2/SMAD7/SKIL/APC/SMURF1/JUNB/TGFBR1"
"HALLMARK_APICAL_SURFACE","HALLMARK_APICAL_SURFACE",43,-0.292328681565926,-0.757907988999584,0.926713947990544,0.926713947990544,0.565783252457385,4344,"tags=30%, list=22%, signal=24%","MAL/SULF2/ADIPOR2/MDGA1/NCOA6/AFAP1L2/HSPB1/ATP6V0A4/ATP8B1/ADAM10/CROCC/GATA3/B4GALT1"
