Sample,CD8_exhausted_like_Exhaustion_scores,CD8_exhausted_like_Apoptosis_scores,CD8_exhausted_like_TCR_signaling_scores,CD8_exhausted_like_Cytotoxic_scores,CD8_exhausted_like_Activation_effector_scores,CD8_exhausted_like_IFN_response_scores
HC01,0.15399110151520543,0.14648665454102655,0.7553211079138813,0.6205650246232519,0.528430115483341,0.18380221670188743
HC02,0.1584892278745517,0.15005361459275063,0.7476110212717981,0.6254813495917995,0.5139550087770469,0.18365888179822018
HC03,0.18284185186701335,0.167227488120016,0.7258953129182897,0.5121058549306203,0.47154749245063743,0.2723426743544354
HC04,0.13799118454154932,0.10278555307448801,0.7526009080943529,0.40809369942557,0.43277993463140346,0.14375550358799027
HC05,0.11799916881044392,0.0755110638665039,0.6953140238079196,0.44417509405249744,0.38745793326281086,0.11610041111818445
HC06,0.16969253306367565,0.26763635175034384,0.5656225100585447,0.8456190379018577,0.24308815406792073,0.18752240704349998
HC07,0.17576769974377374,0.3433003479527598,0.5586865010199432,1.075436095504224,0.31014068644470116,0.14556102840603902
HC08,0.18180608422433,0.28081454476622003,0.5370390214410888,0.9426892341378658,0.23493622063217537,0.19560656285484265
HC09,0.17773272918841412,0.23422403360640087,0.5461417655709526,0.7302750510533713,0.20679803846152742,0.18472737220188581
HC10,0.18548169520645524,0.3164973293525217,0.5966361576592675,0.9801608571965217,0.3275880071048662,0.14651361100598284
HC11,0.17614827580121453,0.28769533397656233,0.5466138275658597,0.8461969582657229,0.23592773988872287,0.24078516798391597
HC12,0.14669963449585788,0.31170155091414936,0.52266540035223,1.023601438532186,0.2826058533771811,0.2269854615199106
HC13,0.136789238791606,0.22414526046351949,0.617611418225588,0.8645793191901326,0.38093488866150865,0.10278087567799721
HC14,0.15530823952728923,0.2961649996062119,0.6135531058212838,0.8869793175384351,0.3317921413598786,0.22274331876234352
HC15,0.1651941910787122,0.2580114725898333,0.5986980804389311,0.8434804486746666,0.26963385102211745,0.12181956331649531
HC16,0.14701401446604279,0.22515162365142302,0.6867882052646281,0.830284380461918,0.4730409041372986,0.17770595700430622
HC17,0.15308189808450998,0.24081780938642858,0.6656105410077527,0.9179929456726489,0.433019457016347,0.21052547308878944
HC18,0.14853547269837541,0.2549761322546572,0.6726010340319677,0.8976579874683378,0.4284789573835431,0.17539800119074447
HC19,0.1613232123099306,0.21138172385237683,0.7758353051780111,0.7898984450555097,0.5283316562579521,0.17646164894984157
HC20,0.1558299075921699,0.21397637910672648,0.7450108048339854,0.770685165916744,0.5118473206497863,0.1836147196243598
HC21,0.144308842298524,0.2348446914917163,0.5818552417307714,0.870128109454365,0.4138492816777037,0.1492833392481087
HC22,0.14014492222911148,0.22652027291434018,0.5982157551986205,0.8944026121615606,0.3490948732158202,0.17430773063324678
HC23,0.13548421777643757,0.23858972870298284,0.6014269541046623,0.9370133458458572,0.38494068624904404,0.20963243960816302
HC24,0.14107929023201576,0.2034234575255193,0.5701299731523374,0.8762262458403108,0.3760176241890978,0.13222461223770265
HC25,0.14327649733273726,0.29802231397621287,0.636143179702957,1.1771388824923232,0.4797700289641427,0.17371063731746908
HC26,0.1479156481494587,0.12054981897725649,0.6100413993353835,0.7076534282911372,0.3673078267162167,0.14063273846794966
HC27,0.12870894483145942,0.27381010335723505,0.5834240924025335,1.0202632745115727,0.41464024024120877,0.1674571222067306
HC28,0.11679860841606585,0.24009693644081861,0.5263215834093307,0.8870211600835531,0.3142722722460794,0.1475574759968858
HC29,0.2078265618988196,0.1741247619816138,0.6161243124955545,0.6254581473398458,0.3187232043560323,0.20008198363531127
HC30,0.18043485461087744,0.18973447486034248,0.5929642718450672,0.6691495027026488,0.3449266885326776,0.1860711866285169
HC31,0.29740557989908034,0.3856048881583206,0.6619528173825022,0.8830660324200446,0.4255711534717694,0.29759640494842265
HC32,0.02237327271722997,0.12098549326430971,0.41492165465084263,0.5487836264930391,0.37856091160051014,0.023631950591758665
HC33,0.06713934213305724,0.15623268348136718,0.5302956083420226,0.5625145916388534,0.4479893939944364,0.04711548991876762
HC34,0.06913059099498105,0.18594037207719347,0.46318595708699417,0.7225077960026106,0.38823152155049523,0.07028199760165194
HC35,0.028113966434791568,0.08950715352131805,0.37855630292966785,0.3055781531605999,0.2635175797974579,0.023161805815070092
HC36,0.019026204688699002,0.10636161584292371,0.39460939228205766,0.4676884764762515,0.3400457092180094,0.008452921940359284
HC37,0.041516151284075174,0.16913125759108016,0.3711989703564706,0.6530315106467425,0.34456142276241475,0.012585446703027388
HC38,0.032027925163305104,0.14397692543370955,0.3278468065945273,0.6168374974771907,0.36426719162511556,0.01428944587727021
HC39,0.024209030990901857,0.12234362398520951,0.3815819422371836,0.49073413691376744,0.3181196824967661,0.045234690809304916
HC40,0.046336738074382613,0.15352933238409694,0.5003312581629035,0.5505786920859365,0.4283698125651714,0.013650715309770427
HC41,0.015223003031028496,0.11282365702424804,0.350685241621382,0.5995840788597654,0.3669798477580821,0.023648411752323004
HC42,0.025038069114082552,0.06816371957431717,0.38722058601105497,0.41877355331387156,0.337377066352347,0.05401876197749684
HC43,0.023420712321753683,0.08111786469601168,0.39822544314694935,0.41470906392652956,0.3977142206657854,0.02586399395208217
HC44,0.06945936435878841,0.20436366375964596,0.6002356960025277,0.6823978173054651,0.5751018739634801,0.02348791531980587
HC45,0.0010389096347025659,0.08941957767147003,0.23726975991137642,0.48780176330557184,0.3007518787655914,0.019139472746693583
HC46,0.025196658983295175,0.13523820546900298,0.41497161201628757,0.6346659260328937,0.4722621542730777,0.06076954223064282
HC47,0.040365617947548484,0.08653127728620859,0.360815312230935,0.3968829701803702,0.22979509626981884,0.03022747687057068
HC48,0.05422888669917502,0.15511413283633732,0.3495036347704296,0.568915694630419,0.2458367408733677,0.04790833454031339
HC49,0.03128289100770118,0.17594473904381602,0.4050306302668502,0.7344159685610069,0.4740542139720778,0.057942445249280085
HC50,0.02633503345927622,0.15284570399072758,0.40756598299593927,0.66480385655615,0.455935185006424,0.07215661434629296
HC51,0.029803761312646344,0.10136185246107367,0.2707872101663608,0.5378233712059923,0.32632718340619976,0.019371372194968987
HC52,0.04202914549293116,0.13619273418201622,0.3852336096464439,0.643729843267118,0.3943266907453762,0.03943517333175251
HC53,0.04017281564092515,0.14988995701987912,0.46042392232725604,0.6144185618113945,0.45723048937224187,0.03565123268771096
HC54,0.02296300396368309,0.14540049434905863,0.3815634202223974,0.6755980338351587,0.3872005084445477,0.02801663700139841
M01,0.14309778715850618,0.2745143055170454,0.5695090476876133,1.0124955602793126,0.49270680597373556,0.05637605343394638
M02,0.10616714376018252,0.11793273638815437,0.5330798674453336,0.4805507633292457,0.3351547319810002,-0.026000314846632316
M03,0.12255249550380617,0.16161255827422863,0.5905497306102138,0.636655466296305,0.4047425198530977,9.927612292774085e-05
M04,0.1473095753071258,0.2527173645724898,0.49337014913235977,0.705632821241437,0.3392958249870191,0.04253966990486227
M05,0.1095017911842168,0.2768814833680845,0.5351486251637357,0.8538662573844488,0.40154975547573335,0.011880541910995827
M06,0.06171678318898642,0.05563924718057247,0.6644841317619126,0.36968303813402426,0.5143939932742257,-0.019234919190603987
M07,0.07924891251805496,0.12089151210630734,0.627965430709403,0.46434827481019275,0.48695839299301746,-0.014796600431396125
M08,0.1150889418416798,0.18327648748148118,0.6040791387686877,0.4879768858711149,0.4594140317405235,0.0667146546408485
M09,0.20532584494262648,0.37098981871737857,0.6580893836247231,0.9875020809501404,0.6051008993449526,0.5013321976054849
M10,0.15155867499827413,0.22695520701299085,0.5005139914459904,0.8178795719256745,0.369463021211312,0.05725955517552332
M11,0.19135021966769114,0.27048712631256866,0.630629387088496,0.7498236078844814,0.5186482324052004,0.18297828885802345
M12,0.25041227311081443,0.3442259954930184,0.5903652180545302,1.018141001246423,0.47655557935621046,0.19119965324426005
M13,0.11144986368431516,0.21663695193055732,0.5325136286160307,0.667771596107027,0.36958635608332224,0.060031105631348176
M14,0.15859560462273511,0.2526636273315833,0.51658758730182,0.7428521574927573,0.35479963215817933,0.08406847696440208
M15,0.04222202816478096,0.08177845081806691,0.39406705145265297,0.26278665471381074,0.18509130722083306,0.034284188283986716
M16,0.09902991569229298,0.22092556125362145,0.5099772616836884,0.8075600505418099,0.4373372820740127,0.002203151682005799
M17,0.15416864447892087,0.27354650250845164,0.5348829623798242,0.7065586404885251,0.40046346540905237,0.2494286773063015
M18,0.19341042122514682,0.3398005815175935,0.6531685267360383,0.9175621041553458,0.48966836568952893,0.2980435714476051
M19,0.19239456481752001,0.2662986954801554,0.5939015501901834,0.7779486286458962,0.3333663281493942,0.2343322944316622
M20,0.17202721484087324,0.38784989289082406,0.6109141439101078,1.0465509312602712,0.46042936981075994,0.26254014219425476
M21,0.21447297037268445,0.3064583612226515,0.6450799936128344,0.9640147822980679,0.4269898942055304,0.18951805790520643
M22,0.20853530024375144,0.28046433607201093,0.6981777699740055,0.747634104119537,0.4912717308446833,0.26872973819896223
M23,0.18888565216479003,0.2669039261367608,0.6872698613825045,0.6233113835430617,0.4599550664326205,0.3355076186117151
S01,0.19954023222571704,0.2944638398846267,0.5834869372757717,0.914528823920268,0.47608912259506947,0.07079646305577628
S02,0.15123592656923598,0.25612518296108644,0.6380533749760605,0.6488150568611061,0.5649617693801212,0.1227581171147335
S03,0.13311057630640896,0.26531313782507715,0.5377023017727762,0.7481461004575077,0.39960045733791916,0.024818288811806373
S04,0.2096422010418876,0.3612762022621609,0.6128681485937088,0.9010745269390149,0.5361852577046974,0.11025881983586014
S05,0.18895388385012876,0.3182843704154934,0.5918391932592101,0.6823248224740242,0.46084261599073945,0.3468675705698802
S06,0.18826067748081762,0.3281798543853129,0.5819003322626662,0.8512461893216132,0.40277523725055525,0.07580125528141946
S07,0.17614535453498514,0.2249947409094572,0.5455472859891304,0.639159598050865,0.362144381561984,0.07541679183072869
S08,0.11858528723104378,0.22582837054866345,0.41200092432157875,0.7655616584518489,0.3958069245682616,0.1397690053698591
S09,0.17028284408272815,0.28737978121906965,0.5003691269588739,0.7986177942039202,0.37144279555738546,0.19961763291162885
S10,0.16250450798540034,0.2161902474771882,0.55256804525779,0.624377115094984,0.4001588731820395,0.14692485887386225
S11,0.18523237928822794,0.32013334599090393,0.5499722146266731,0.9484110295594296,0.4661080104036631,0.17249124906470337
S12,0.1297838362328605,0.22201180989283048,0.47505945123868726,0.4758081928091668,0.29845318655604425,0.15561618280663897
S13,0.13139376569880973,0.12262655748031943,0.5340057638118159,0.30639858273014414,0.2315439685010574,0.06206209523085363
S14,0.1604801654846351,0.22355121342532536,0.5513496642723812,0.468625145731215,0.3501299590414762,0.20114544221565633
S15,0.20196421416891758,0.2682357793161634,0.5894900316357247,0.6944898331028486,0.37899706473092415,0.25493971216038885
S16,0.26369653072883453,0.49090104902510695,0.7075578469414324,1.2148823846998824,0.5829619638580896,0.4886784241145319
S17,0.17559488810270557,0.38331543169302607,0.5938370793703341,1.136943321479758,0.48392962796291106,0.29324430247229055
S18,0.20932307993087496,0.3436058710489209,0.6380703430247735,0.8370974589924682,0.44746702910904446,0.24572261229078304
S19,0.1722755541243508,0.37294253247099346,0.6438377115467304,0.9743028742911567,0.5284842093444001,0.2745605107899238
S20,0.19401399673139433,0.38642188472461564,0.6570458841485618,0.9963827338385042,0.46572321392651955,0.2359649723216105
S21,0.1615661194463835,0.3645162226689294,0.6168928879190465,1.03483695429692,0.4669140885952235,0.2236942189573924
S22,0.2657561909953287,0.48892904323750946,0.6434526429427414,1.022954640268408,0.484687817836799,0.30477440891736884
S23,0.16274220857667338,0.37589312857381524,0.594433802801484,0.9636575494544841,0.44705831534016655,0.3108750895023868
