Sample,mMDSC_ARG1_score,mMDSC_IDO1_score,mMDSC_STAT3_score,mMDSC_CD33_score,mMDSC_SIGLEC9_score,mMDSC_TGFBR2_score,mMDSC_TGFB3_score,mMDSC_ENTPD1_score,mMDSC_NNMT_score,mMDSC_TLR5_score,mMDSC_suppressive_score,Th1_Cytotoxic_scores,Th1_Exhaustion_scores,Th1_TCR_signaling_scores,Th1_IFN_response_scores,Th1_Activation_effector_scores,Th1_Unhelped_CD4_T_scores,Treg_Treg_signature_scores,Treg_Exhaustion_scores,Treg_TCR_signaling_scores,Treg_IFN_response_scores,Treg_Activation_effector_scores,Pro_Proliferation_scores,Pro_Exhaustion_scores,Pro_Treg_signature_scores,Pro_TCR_signaling_scores,Pro_IFN_response_scores,Pro_Activation_effector_scores,Pro_Unhelped_CD4_T_scores,CD8_exhausted_like_Exhaustion_scores,CD8_exhausted_like_Apoptosis_scores,CD8_exhausted_like_TCR_signaling_scores,CD8_exhausted_like_Cytotoxic_scores,CD8_exhausted_like_Activation_effector_scores,CD8_exhausted_like_IFN_response_scores,Condition
HC01,-0.7042177799769811,-0.042916774182092575,-0.10420091924213229,-0.09802568935212634,-0.07916740939730689,-0.3071627728144327,-0.01145488318942842,-0.612956052507673,-0.042916774182092575,-0.042916774182092575,-0.06835779816084994,0.3744460384127543,0.09883067751224743,0.5343840397714205,0.1585454138668669,0.29758638230457146,-0.0015239517374048015,0.24899737737427932,0.16687301067513888,0.6514199764785001,0.19616664353074884,0.290213686911436,-0.030229672590891526,0.28443184691489165,0.15558970058786326,0.6987143593138881,0.33251761501381377,0.2449148316957449,-0.047078293165875036,0.15399110151520543,0.14648665454102655,0.7553211079138813,0.6205650246232519,0.528430115483341,0.18380221670188743,HC
HC02,-0.6695559635162354,-0.04323576176166534,-0.3518762364387512,-0.06784447526931763,-0.06432502281665801,-0.41274374270439146,-0.009882237792015075,-0.6695559635162354,-0.04323576176166534,-0.04323576176166534,-0.055794995866130424,0.42732839103548503,0.10858757236662755,0.5463225992338349,0.18698391614476148,0.332142123989593,0.006555094133004439,0.1991323612422532,0.18450068850711387,0.6787086539795927,0.19040092947993065,0.3213143534361803,0.3376422182718913,0.3034503077092281,0.07634709698169796,0.7347086043895112,0.3092302052546738,0.34931340970712305,-0.012931702624001,0.1584892278745517,0.15005361459275063,0.7476110212717981,0.6254813495917995,0.5139550087770469,0.18365888179822018,HC
HC03,-0.7671742512629582,-0.04439841417165903,0.5151822218528161,0.004311785881335923,-0.0639613646727342,-0.4458011920635517,-0.009987749686607948,-0.6218185131366436,-0.04439841417165903,-0.04439841417165903,-0.010131712610919117,0.18294877216284014,0.14398703137857927,0.5926064991091394,0.2156871183687178,0.3271449069509538,-0.03173855712363225,0.20669451903388836,0.21966699319743793,0.7398992605437914,0.2365459137564353,0.39175566631572667,-0.04373016726970673,0.19155081761029844,0.09219235069424932,0.7469846884781824,0.2951707810542112,0.41970370829655235,-0.04086022174387706,0.18284185186701335,0.167227488120016,0.7258953129182897,0.5121058549306203,0.47154749245063743,0.2723426743544354,HC
HC04,-0.6723165245056152,-0.03106214761734009,-0.2323219230969747,-0.06728401605288187,-0.0813879090944926,-0.1834514986673991,-0.006617220799128214,-0.6723165245056152,-0.03106214761734009,-0.03106214761734009,-0.07674369676026187,0.3129823657553129,0.09399312840798695,0.5996891490700046,0.1644289243507161,0.46098096927197485,0.009374666780570152,0.1320182683901567,0.17786472435097897,0.7219234089048034,0.2243226650386465,0.4078050278931493,0.2504178157559147,0.3171402182011948,0.0777642209208686,0.7841370660447287,0.30983610271057915,0.416867169265383,-0.050213612928591306,0.13799118454154932,0.10278555307448801,0.7526009080943529,0.40809369942557,0.43277993463140346,0.14375550358799027,HC
HC05,-0.6496423309080062,-0.02736061511501189,0.24243094659620715,-0.010321046460059376,-0.07438740045793595,-0.2609968357701455,-0.011240143237575407,-0.5109842457309847,-0.02736061511501189,-0.02736061511501189,-0.04169351067456048,0.2845361892414475,0.07482538455064303,0.5675915178039344,0.14936483571698914,0.3922714542247634,0.009287156999439003,0.15872091944745817,0.1305607562050401,0.634588568708367,0.1586387474798646,0.3762457859403839,-0.04369046052296957,0.2579111632635629,0.19569398386068879,0.5658143963815023,0.16673514595935052,0.21259948816315688,-0.060494391306000136,0.11799916881044392,0.0755110638665039,0.6953140238079196,0.44417509405249744,0.38745793326281086,0.11610041111818445,HC
HC06,-0.7947967459938744,-0.05625797461379658,-0.41352260123599655,0.02825225933031602,-0.035803553570400576,-0.21595372676849367,-0.004301090809431943,-0.7078412304954095,-0.05625797461379658,0.011386962858113381,-0.015881687222800846,0.42587303365767226,0.11596552317711141,0.4631231494279227,0.16348973027458677,0.09876880964008049,0.0071979329958253725,0.19051988910778092,0.1786542671170608,0.489884919244355,0.17220858895943367,-0.008927761043525185,0.06132732915878296,0.21775640735313276,0.11430454618994708,0.5294831430139624,0.20128957311425685,-0.016753860725149783,-0.05936770794852562,0.16969253306367565,0.26763635175034384,0.5656225100585447,0.8456190379018577,0.24308815406792073,0.18752240704349998,HC
HC07,-0.7800188813890729,-0.05566006898880005,-0.33950478945459633,-0.11007701422486986,-0.035036552633558,-0.4052199235984257,-0.003931193011147635,-0.7301409568105425,-0.05566006898880005,-0.05566006898880005,-0.027611644372537544,0.8730166971057706,0.14965808205535064,0.49032794970986104,0.19065362137449637,0.24558142525295937,0.034469068718006764,0.25681265163424116,0.20310986917357113,0.4758956223277721,0.17548846506631616,-0.034315558392536395,0.6602629972874433,0.34119057465662006,0.1294039598982033,0.5310640186679759,0.16411635122978757,-0.04538733636204398,-0.057412185745201134,0.17576769974377374,0.3433003479527598,0.5586865010199432,1.075436095504224,0.31014068644470116,0.14556102840603902,HC
HC08,-0.760474721636091,-0.04796861444200788,-0.20376998247419081,-0.04063200112751552,-0.07226730891636439,-0.33823727771214074,-0.007012789726257324,-0.7288785923549107,-0.04796861444200788,-0.04796861444200788,-0.04277268333501184,0.6776276539105514,0.16780507685192636,0.4626641476789277,0.22068532209374064,0.18676604553391205,0.01408032483821129,0.18540874736429674,0.213789735981686,0.4895894001947939,0.23607643094561237,0.022365000146705526,0.5224546407744999,0.34898801374852384,0.11374372852305294,0.4996835723667224,0.21813005428984633,0.008009354343122764,-0.054132210749276675,0.18180608422433,0.28081454476622003,0.5370390214410888,0.9426892341378658,0.23493622063217537,0.19560656285484265,HC
HC09,-0.8299575106302898,-0.0411727233727773,-0.5955479001998901,0.02443019111951192,0.21868366691801286,-0.7695025857289632,-0.0023266829384697807,-0.8299575106302898,-0.0411727233727773,-0.0411727233727773,-0.020049987688719295,0.5315484324497424,0.14896830395801994,0.48920829657556963,0.2053705692546707,0.1466663714710644,0.005918877720552819,0.19909715217567064,0.1908295646267686,0.4865317270042554,0.1966008502536799,0.0028188558245742954,0.434414405482156,0.3151163148839175,0.1211171096338605,0.5294059379619894,0.1246725635201713,0.00966481310210168,-0.058231774991068734,0.17773272918841412,0.23422403360640087,0.5461417655709526,0.7302750510533713,0.20679803846152742,0.18472737220188581,HC
HC10,-0.7504996087816027,-0.03258362253506978,-0.27067709565162656,-0.02228889895810021,-0.08890049146281348,-0.2640038523409102,-0.0077946306599511045,-0.7504996087816027,-0.03258362253506978,0.012364551358752777,-0.042530283352024974,0.6405204308933043,0.13741478361950288,0.49776709776775224,0.16168829902349952,0.1906020166939455,0.00807568983458355,0.20625366234528805,0.22198079634642706,0.5231174179830174,0.21876939026802666,0.03282908719193236,0.41159776701245987,0.29546677777851704,0.07852009605719854,0.5399455776525153,0.2329029743689991,0.030941380438857812,-0.05278229988414359,0.18548169520645524,0.3164973293525217,0.5966361576592675,0.9801608571965217,0.3275880071048662,0.14651361100598284,HC
HC11,-0.7584442418416341,-0.06576729965209961,-0.36260821040471397,0.033555685043334955,-0.08696648931503297,-0.6958419404029846,-0.01602254112561544,-0.6491635522842407,-0.06576729965209961,0.011620835940043128,-0.01950468213789635,1.0027284286544538,0.14627755581756993,0.5116744315642567,0.2635778967230772,0.30579332355128225,0.07162087398109149,0.16567893153301375,0.19600008824794557,0.528318966076293,0.27695138970906885,0.06789733963732081,-0.016616774241129572,0.2661884807834486,0.22761790870540008,0.5442077615128933,0.2900300432349764,0.17318315738530266,-0.016345153456018495,0.17614827580121453,0.28769533397656233,0.5466138275658597,0.8461969582657229,0.23592773988872287,0.24078516798391597,HC
HC12,-0.7431771748860677,-0.06452978928883871,0.24544909063975018,-0.12038751792907715,-0.10369854195912678,-0.30340946451822914,-0.007684018135070801,-0.46389421558380123,-0.06452978928883871,-0.06452978928883871,-0.01251407115228003,1.0154955070359035,0.11839490038258695,0.45049260554807075,0.23416206714042176,0.281486665972271,0.061072055768814644,0.17115290719809956,0.16851573425440958,0.4864544990636462,0.23379977262850388,0.06927367513383295,0.3019427690903346,0.2715860016750006,0.18852251323117028,0.5154869098263795,0.23933943861677098,0.1173415116357694,-0.014991424218663611,0.14669963449585788,0.31170155091414936,0.52266540035223,1.023601438532186,0.2826058533771811,0.2269854615199106,HC
HC13,-0.6429149383868811,-0.02747327818060821,0.07465855814375966,-0.08302255144659079,-0.07237450811098206,-0.6249016072615137,-0.00412318544567756,-0.6669888068145176,-0.02747327818060821,-0.02747327818060821,-0.03611605026629975,0.46602770062335563,0.0695451074081406,0.4835367264247384,0.09551471748459553,0.3166705732231532,-0.012056631163598206,0.08711594080716893,0.1352958592326806,0.5044855262859838,0.13405122584920098,0.18109489540972545,0.2984219898897059,0.2434743371118902,0.05871410802123153,0.5795925926051659,0.14234131261406902,0.14442980980554446,-0.054322684457578256,0.136789238791606,0.22414526046351949,0.617611418225588,0.8645793191901326,0.38093488866150865,0.10278087567799721,HC
HC14,-0.6573208093643188,-0.036621471047401426,0.06876399748855166,-0.08955701119369931,-0.09013379527462853,-0.46583789288997646,-0.003661000927289327,-0.6573208093643188,-0.036621471047401426,-0.036621471047401426,-0.05426317191306623,0.6176914163541557,0.10456677492376648,0.5274296302128271,0.24589162427982705,0.3186860095542926,0.007309019504847015,0.0535478795539289,0.13692339538108525,0.5146278430612857,0.23328525749333454,0.16208909041225866,0.07433102311510029,0.27288966298544903,0.07289886501665832,0.6014741248038596,0.27134228261437726,0.11005309402281371,-0.08053565141139842,0.15530823952728923,0.2961649996062119,0.6135531058212838,0.8869793175384351,0.3317921413598786,0.22274331876234352,HC
HC15,-0.7068831038475036,-0.037328173369169236,-0.33675884947180745,-0.09064531408250331,-0.0802057759463787,-0.6444834296405315,-0.007224857583642006,-0.7068831038475036,-0.037328173369169236,-0.037328173369169236,-0.07842814785490052,0.9930004515769856,0.1337256587765674,0.6091499289437189,0.15583192492252892,0.3757680875780671,0.03856292927022212,0.10337245970625443,0.1845722691498917,0.5430681830091937,0.16289210913664448,0.17652340357713062,0.17221441317827274,0.2850014829488386,0.056766850301894135,0.5877960143859255,0.13934001257039458,0.13751187642398122,-0.05820949881562416,0.1651941910787122,0.2580114725898333,0.5986980804389311,0.8434804486746666,0.26963385102211745,0.12181956331649531,HC
HC16,-0.7463404583108836,-0.02721958719450852,0.004565577507019041,0.016545997734727532,-0.07166324582593195,-0.6054673796686633,-0.003223782407826391,-0.7463404583108836,-0.02721958719450852,-0.02721958719450852,-0.05713888187380832,0.804200409862473,0.11110440078720535,0.6168536984597657,0.15348260429370633,0.42707809304141664,0.03316713493620225,0.13429533345104416,0.19848601321794032,0.6574213877166449,0.17768552125906556,0.23640744413732387,0.5157737377711705,0.3758230617663978,0.2400001265331637,0.6764475750411773,0.23672164823881867,0.0781260573126411,-0.08854506485648181,0.14701401446604279,0.22515162365142302,0.6867882052646281,0.830284380461918,0.4730409041372986,0.17770595700430622,HC
HC17,-0.81370211167769,-0.03778854110024192,-0.47235411925749343,0.050160327824679295,0.03350199493494901,-0.5089398186857049,-0.007279880046844483,-0.5924765411290255,-0.03778854110024192,-0.03778854110024192,0.004501814455825049,0.6727864383680124,0.12837626328343849,0.5505914720879519,0.17795442822970814,0.33148160557681483,0.026345911949292224,0.18837577809246944,0.22366692899988982,0.6755893891540607,0.26588939130401695,0.22549294563056105,0.5631027623282538,0.3356264557684181,0.14469564709639796,0.6975769308746839,0.2509278840403004,0.2538283634389388,-0.056497962660629106,0.15308189808450998,0.24081780938642858,0.6656105410077527,0.9179929456726489,0.433019457016347,0.21052547308878944,HC
HC18,-0.7984624608357747,-0.034582632382710775,-0.514270026456742,-0.07957870074680874,-0.07047988539650327,-0.5975851292837233,-0.004775615646725609,-0.6964493610745384,-0.034582632382710775,0.06884719598860968,-0.07215785686071817,0.9054406207890159,0.10810549023209891,0.5832912826976155,0.18091376528708655,0.3938664036338067,0.043126785574422094,0.22740046512502177,0.2058879599702965,0.633225206511166,0.19184417380219237,0.20036513488193644,0.4930944538116455,0.3332767278192378,0.16544006022272575,0.6761691526233793,0.15152067163925825,0.1939749968052611,-0.043476513509773836,0.14853547269837541,0.2549761322546572,0.6726010340319677,0.8976579874683378,0.4284789573835431,0.17539800119074447,HC
HC19,-0.757064602500514,-0.026914215966274864,-0.24866601943969724,-0.07721944696024845,0.013668260825307742,-0.5780053856498316,-0.011474430184615286,-0.3669667585272538,-0.026914215966274864,-0.026914215966274864,-0.027776882233444516,0.47239195759222435,0.1050072952000871,0.6007534764520636,0.16369877260837182,0.32263250019239176,0.007993989840583436,0.1298785236011074,0.15754030487768333,0.6113879989189833,0.15632101311323168,0.25445645201347655,0.1695754628915053,0.27109776431060356,0.14091135305500638,0.6881354850011281,0.14773388538746193,0.22504875511199746,-0.0777313727684179,0.1613232123099306,0.21138172385237683,0.7758353051780111,0.7898984450555097,0.5283316562579521,0.17646164894984157,HC
HC20,-0.726045115334647,-0.05350511908531189,-0.2300045539651598,-0.09059292657034737,-0.0656712371962411,-0.5710478176389422,-0.002596008777618408,-0.726045115334647,-0.05350511908531189,-0.05350511908531189,-0.019599854876599904,0.26926929978487857,0.07070474416323012,0.4682414280390566,0.12712866877640872,0.20870808423016823,-0.026640171997528245,0.19969391237106282,0.1810556368652796,0.6372160614313289,0.16242558787331565,0.23022659253911487,0.13809066327412925,0.3537588382403845,0.316331647507414,0.7231036747801654,0.4243718819201595,0.2530395027473101,-0.06867335352898948,0.1558299075921699,0.21397637910672648,0.7450108048339854,0.770685165916744,0.5118473206497863,0.1836147196243598,HC
HC21,-0.7256383848190308,-0.049215605854988104,0.5313518989086151,-0.08689829170703889,-0.08780111134052276,-0.17357789993286132,-0.003292521834373474,-0.7256383848190308,-0.049215605854988104,-0.049215605854988104,-0.02750700857541961,0.5736804867341508,0.08733766497821033,0.5001711787901362,0.1613388233440761,0.31920230904317204,0.002614129486266855,0.10125263377133277,0.16477416813915854,0.5543258803939192,0.15678402797900137,0.21431054864833632,1.0612704105377198,0.40911896226798283,-0.03266681780618856,0.5515086516098153,0.2043634603083489,0.031019429212395692,-0.03331696115232473,0.144308842298524,0.2348446914917163,0.5818552417307714,0.870128109454365,0.4138492816777037,0.1492833392481087,HC
HC22,-0.805770751953125,-0.03342577282587687,-0.0848874222437541,-0.11814064311981201,-0.08871062930425008,-0.5636498819986979,-0.002133746782938639,-0.7590177110036215,-0.03342577282587687,0.013327268123626706,-0.013922006168546712,0.7231472218648084,0.10278481554908636,0.4933493057374431,0.15299206204316143,0.2981381681466226,0.03303747190255584,0.08363607631352649,0.11984134067518573,0.48776787969866764,0.19419861013161224,0.11204816191968286,0.5503759956359864,0.3587602863518473,0.0801862707275036,0.5178110568187773,0.26080337315398583,0.09248810980279212,-0.054584810321110025,0.14014492222911148,0.22652027291434018,0.5982157551986205,0.8944026121615606,0.3490948732158202,0.17430773063324678,HC
HC23,-0.9052656988664107,-0.04765832472931255,-0.027450274825096113,0.20562963252717797,0.038163520043546506,-0.44523096539757473,-0.012858998585831035,-0.7840876611254433,-0.04765832472931255,0.006639440818266434,0.04478710870696711,0.86504215329811,0.10514526827432583,0.5346504546365449,0.18268713004805565,0.3560444177795666,0.045161254391099,0.059560040856375035,0.1145485068482328,0.5136958596555811,0.1258416120890444,0.1714177189221102,2.139820384979248,0.42510076269815056,0.028252982831263262,0.5442809276273093,0.12402384011853215,0.00982518546049907,-0.02582880105677607,0.13548421777643757,0.23858972870298284,0.6014269541046623,0.9370133458458572,0.38494068624904404,0.20963243960816302,HC
HC24,-0.6889014568328857,-0.03314979422092438,-0.009416511297225965,0.002487012147903439,-0.09109846246242523,-0.3929334070682525,-0.005942406892776489,-0.6889014568328857,-0.03314979422092438,-0.03314979422092438,-0.03576354774561795,0.7394450992740033,0.08788105461949669,0.4697343930958317,0.12093198487040764,0.3339590774346157,0.011158371054905341,0.039727012131556265,0.11902703540567407,0.48360856154868737,0.133381558083093,0.21946578564614513,0.6520556698905097,0.3933350416026691,0.08796463589449381,0.5859369527822452,0.14551274245472068,0.07784976579803475,-0.08636204680687161,0.14107929023201576,0.2034234575255193,0.5701299731523374,0.8762262458403108,0.3760176241890978,0.13222461223770265,HC
HC25,-0.9427943754196167,-0.05362006038427353,-0.35664094641804694,0.3888231338560581,0.1109548930823803,-0.5721331204473972,-0.001610751450061798,-0.8214705403149128,-0.05362006038427353,0.05565493419766426,0.09399345154387559,1.0366851788667644,0.11166213287996436,0.5473065074964562,0.17786453320757264,0.42884845624861817,0.05749500587761541,0.08530061631527208,0.12178298428180358,0.5110855716795215,0.1473342088220043,0.21089864771203576,0.25808775708788917,0.33696354635476183,0.05850861595814859,0.6067317530885602,0.3267064101902328,0.21182758945643987,-0.07527469384809495,0.14327649733273726,0.29802231397621287,0.636143179702957,1.1771388824923232,0.4797700289641427,0.17371063731746908,HC
HC26,-0.5798382830619813,-0.023176131248474122,0.2665755558013916,-0.055075729846954344,-0.04237479662895203,-0.5693534326553344,0.0,-0.7520738792419434,-0.023176131248474122,-0.023176131248474122,-0.03022584914610089,0.4248480193927929,0.0804395827290667,0.4915246597070081,0.15420186422585838,0.32254637296185434,-0.00045712468193153776,0.05165230874941797,0.15286798828630732,0.5396472258445971,0.18586670544938233,0.2511626795048579,0.2727177695433298,0.3901005817088529,0.08106203064974594,0.6100871252552449,0.29543945463986765,0.16589310469151916,-0.07926873904332436,0.1479156481494587,0.12054981897725649,0.6100413993353835,0.7076534282911372,0.3673078267162167,0.14063273846794966,HC
HC27,-0.6245463256835937,-0.03115645718574524,0.11957950544357301,-0.07943404531478881,0.05293633437156677,-0.061295533657073985,-0.004105119705200196,-0.6245463256835937,-0.03115645718574524,-0.03115645718574524,0.041865897945520134,0.42484036590443475,0.044176783671298896,0.4502670455848318,0.1222422108515413,0.3361701378641854,-0.00787215828984751,0.005576068137971154,0.06932140225836123,0.49592452674535525,0.087309531068672,0.23750970466329774,1.1126119539851234,0.3200580434479403,-0.035042440207706034,0.6134811461598877,0.16904352384668733,0.178218798144955,-0.005957051151278168,0.12870894483145942,0.27381010335723505,0.5834240924025335,1.0202632745115727,0.41464024024120877,0.1674571222067306,HC
HC28,-0.7389015960693359,-0.020230934619903565,-0.7389015960693359,-0.0698986840248108,-0.06348052501678467,-0.7389015960693359,0.0,-0.7389015960693359,-0.020230934619903565,-0.020230934619903565,-0.0931575757513061,0.6292354048676391,0.04931727633952557,0.41778535234516867,0.15212454854211388,0.22208765656652368,0.024990458085876865,0.07059032990740476,0.08247319683237991,0.4091941731460036,0.12537118266462166,0.14556355451559375,1.4830735270182291,0.47897646989965004,-0.09126046246500494,0.28725022683998525,0.010811598770106012,-0.010769707537809689,-0.015792817498348696,0.11679860841606585,0.24009693644081861,0.5263215834093307,0.8870211600835531,0.3142722722460794,0.1475574759968858,HC
HC29,-0.9416211839155717,-0.06190905603495511,-0.33152456402778624,0.13073614684018223,-0.013845626657659359,-0.6286484107104214,-0.005431343317031861,-0.9416211839155717,-0.06190905603495511,0.0006393700296228574,0.051917251277444135,0.47367678073567493,0.17738521653222988,0.570717721204951,0.23783333059399137,0.3011799420670202,0.016483771491188494,0.09060770831777823,0.2183467632669789,0.5595891954230413,0.24323221988906218,0.14182731210153046,0.28152112448656996,0.34225966781182326,0.02658855568802638,0.6021034188636878,0.27202100145437785,0.11581662355405505,-0.058992110004841725,0.2078265618988196,0.1741247619816138,0.6161243124955545,0.6254581473398458,0.3187232043560323,0.20008198363531127,HC
HC30,-0.8103103141784669,-0.024605246543884275,-0.2768774847984314,-0.05939832735061645,-0.09508259868621827,-0.5626691083908082,0.0,-0.8103103141784669,-0.024605246543884275,-0.024605246543884275,-0.04196442201986151,0.5273312971133594,0.12878408395282612,0.4829926933749186,0.1858740529774198,0.26174868188775935,0.023797944288228484,0.12316825176555862,0.17592513548102795,0.4982653284733914,0.20911263740910035,0.12145728607243347,0.47218861524264016,0.3311526410039966,-0.004343428112694311,0.5218421978098075,0.23697361775085804,0.04407299477594973,-0.0387791486630063,0.18043485461087744,0.18973447486034248,0.5929642718450672,0.6691495027026488,0.3449266885326776,0.1860711866285169,HC
HC31,-0.7363448541814631,-0.032275102138519286,-0.3486152310804887,-0.00187959974462336,0.025873806476593018,-0.4988903964649547,-0.0019364307685331864,-0.691377007744529,-0.032275102138519286,-0.032275102138519286,0.014242606599518924,0.7578685114341501,0.21928527258788288,0.5689873204571739,0.2911287535371086,0.36539733971906785,0.020944443761691103,0.08475891985474693,0.24859916695663165,0.5741133286189466,0.3585913273221676,0.16315751644080204,1.182682531626046,0.4549789895317107,-0.03409863748943384,0.5767605041175892,0.36792301143335476,0.09924651952301389,0.021232993336929535,0.29740557989908034,0.3856048881583206,0.6619528173825022,0.8830660324200446,0.4255711534717694,0.29759640494842265,HC
HC32,-0.6445124963613656,-0.032018375946925234,-0.27638255522801325,-0.07509354389630832,-0.0582808281825139,-0.30540126910576454,0.0,-0.6445124963613656,-0.032018375946925234,-0.032018375946925234,-0.08272425358126172,0.09148762781469659,-0.014487144149466067,0.2539570664615339,-0.023618713992921966,0.12993893247232888,0.0024757080568325496,0.06857679578893465,0.015473426757794033,0.31881595922201794,-0.04353472516987514,0.10723231539894851,-0.1349793497721354,0.0716157870827615,0.006134405884412719,0.22546619665427287,-0.18604865579800434,0.08901009541980054,-0.09580241097170439,0.02237327271722997,0.12098549326430971,0.41492165465084263,0.5487836264930391,0.37856091160051014,0.023631950591758665,HC
HC33,-0.7016069889068604,-0.0724092461512639,-0.06450555874751165,-0.09583617797264686,-0.09732436840350811,-0.26590251005612886,-0.004734407388246976,-0.8301768669715295,-0.0724092461512639,-0.0724092461512639,-0.0753662728240341,0.19725651092477145,0.017045477286282574,0.35646488365967965,0.022333979563239383,0.205229591505018,0.012518972196713246,0.14921457987525863,0.08093815015168393,0.41702321593431124,0.03849309341409188,0.08781628468453859,-0.018944093982378646,0.150649717462231,0.09957330012473156,0.4566727988644872,0.17218275313739614,0.0764661077060853,-0.0653615607438206,0.06713934213305724,0.15623268348136718,0.5302956083420226,0.5625145916388534,0.4479893939944364,0.04711548991876762,HC
HC34,-0.7352577171325684,-0.03509194803237915,0.0034257926940918005,-0.12586253118515014,-0.08275404191017151,-0.5714369735717774,0.0,-0.7352577171325684,-0.03509194803237915,-0.03509194803237915,-0.06128657699182331,0.12158796867001405,-0.0003916438271935799,0.2949349811627545,-0.013672605735942967,0.13668827851324858,-0.029243125456015085,0.12453348501513765,0.04208690389823284,0.3664250609092852,-0.018635269360040545,0.08261419333483483,0.09363061481051975,0.1658266475603815,-0.014514238191948687,0.43374745774862616,0.021543177251178696,0.09224759074279353,-0.06218558904216496,0.06913059099498105,0.18594037207719347,0.46318595708699417,0.7225077960026106,0.38823152155049523,0.07028199760165194,HC
HC35,-0.5102278230190277,-0.021046555042266844,-0.09332022643089297,-0.0641360765695572,-0.05123494303226471,-0.07859540855884553,-0.0012668852806091307,-0.5868221280574798,-0.021046555042266844,-0.021046555042266844,-0.04996717498808502,0.30622139008146426,-0.018051262950978503,0.2182790946988643,-0.005641954965550917,0.18726128208692064,0.012844446674102694,-0.012899796113224124,-0.01367811172563522,0.24417902664858665,-0.008764102878389999,0.1572829064610439,-0.043628842631975806,0.035215359791138656,0.004345746714607184,0.3201664386241038,0.0009945119546462694,0.10320841988705254,-0.016518385261881267,0.028113966434791568,0.08950715352131805,0.37855630292966785,0.3055781531605999,0.2635175797974579,0.023161805815070092,HC
HC36,-0.7270236387706939,-0.034153045699709936,-0.34790909608205156,-0.06935320127578008,-0.06270323367345901,-0.5487152596882412,-0.002779505139305478,-0.7270236387706939,-0.034153045699709936,-0.034153045699709936,-0.05282736583845536,0.2577201359730147,-0.009251867097158759,0.2596224523904745,-0.021551884670832234,0.1770468836660405,0.009865130928215287,0.043312587011712256,0.01613609046570495,0.3088324936237181,-0.02666610804096469,0.1367364905470416,0.05122589810689292,0.03444718315806755,-0.03872096990376096,0.27541715163847075,-0.04451367859399037,0.08350247694340848,-0.035567131058127296,0.019026204688699002,0.10636161584292371,0.39460939228205766,0.4676884764762515,0.3400457092180094,0.008452921940359284,HC
HC37,-0.3930069361992602,0.017066954576744224,-0.286159335082432,-0.055338117806416634,-0.033329097594854966,-0.19431109887249065,-0.0032544896287738153,-0.4433147993627584,-0.01673196720627119,-0.01673196720627119,-0.028603077749424548,0.34361998053652526,-0.005798626149630563,0.20612148863255647,-0.011604908305039203,0.18735668117786144,0.010918442911687068,0.0665883136106183,0.01226331134679642,0.28586186517690143,0.003942107665667863,0.14826335147696507,,,,,,,,0.041516151284075174,0.16913125759108016,0.3711989703564706,0.6530315106467425,0.34456142276241475,0.012585446703027388,HC
HC38,-0.34414257443469504,0.031119602866794754,-0.12488251071045364,-0.0377433114811994,-0.026116779507070347,-0.15319565337637198,-0.000793134647866954,-0.34414257443469504,0.032282867846281635,-0.019442450620126034,-0.021238997180577784,0.2729466061957311,-0.0007263913359435682,0.19515622929560317,0.007488432426433858,0.18639426711965712,0.0036535056857938293,-0.004595179552744183,0.013374391216526471,0.23982332642697868,0.009125210774531062,0.17035827605899026,0.23718807538350425,-0.004224407884351002,-0.047863635204190895,0.22146416296724414,-0.09690791237128656,0.18606911805830537,0.09316051385100825,0.032027925163305104,0.14397692543370955,0.3278468065945273,0.6168374974771907,0.36426719162511556,0.01428944587727021,HC
HC39,-0.617569874272202,-0.0203413184483846,-0.4696942401654793,-0.08113234621105772,0.03488989093086937,-0.3357517444726193,-0.0013201525717070608,-0.617569874272202,-0.0203413184483846,-0.0203413184483846,-0.06338456957459467,0.1584988586659141,-0.005336934900060174,0.2452239701018981,0.01236230882676265,0.1294204267927756,-0.00878553892143434,0.08243191710143573,0.027579585506785104,0.2774371506383208,0.010148763209764307,0.06871004992502473,1.062286294301351,0.26988375024529354,0.05354915148770164,0.32733254215952856,-0.04317944721484237,-0.003347221794556534,-0.035689207332069706,0.024209030990901857,0.12234362398520951,0.3815819422371836,0.49073413691376744,0.3181196824967661,0.045234690809304916,HC
HC40,-0.6867620578178992,-0.04197521292246305,-0.2581164561785184,-0.1190163883796105,-0.09129154856388386,-0.13814325974537775,-0.0027484766336587758,-0.763859382042518,-0.04197521292246305,-0.04197521292246305,-0.08374232708934473,0.18833662366420284,0.001356048628765633,0.33486513291316594,0.03443032947672637,0.20808992961616438,0.011833334126797448,0.05280084705508227,0.03985688608000717,0.39073372865629546,0.04678512738035935,0.09275814898009267,0.299373779296875,0.1417007731327036,0.046675326184743515,0.4308473645725692,-0.03636356454778416,0.05720857796229218,-0.022330092488442654,0.046336738074382613,0.15352933238409694,0.5003312581629035,0.5505786920859365,0.4283698125651714,0.013650715309770427,HC
HC41,-0.4210580501102266,-0.029764392375946042,-0.23340291908809116,-0.05699976058233352,-0.04238012325196039,-0.22199150766645162,0.0,-0.554148994627453,0.03698787677855719,-0.029764392375946042,-0.038656513884163926,0.35677449448388704,-0.0012720502322843103,0.22892250392312447,0.00302068705765542,0.19620962107750764,0.03938651915069788,0.02244713574083846,-0.003219605371412411,0.25625194032423254,-0.03482281983907106,0.11845847469426148,0.5247027524312338,0.050081605963797335,-0.07044881089289386,0.21949682501247703,-0.07875972644696126,0.5583664278662144,0.12624228292063083,0.015223003031028496,0.11282365702424804,0.350685241621382,0.5995840788597654,0.3669798477580821,0.023648411752323004,HC
HC42,-0.6049809880690141,-0.023015554384751755,-0.14920005386525936,-0.04799972902644764,-0.05251249139959162,-0.3839826250076294,-0.0022698529200120407,-0.6049809880690141,-0.023015554384751755,-0.023015554384751755,-0.04224589978518114,0.06312292864371193,-0.01387445407811328,0.20712056925401776,0.017737248495054255,0.10325142462081756,-0.020633241994506734,0.08091596109527313,0.020912596953306477,0.2981816365509499,0.03077923788568612,0.07867769602549307,-0.10563257217407226,0.1807049550292437,0.5577494856799662,0.3949544070569172,0.08487108367571783,0.010394588481442008,-0.10019887601348067,0.025038069114082552,0.06816371957431717,0.38722058601105497,0.41877355331387156,0.337377066352347,0.05401876197749684,HC
HC43,-0.4248195791916109,-0.019904337735243246,-0.2960862095255248,-0.03874740197624958,-0.048290761558102885,-0.24394390844962963,-0.0024205142007747166,-0.4248195791916109,-0.019904337735243246,-0.019904337735243246,-0.04362881285839138,0.13595435469357267,-0.013122486663131825,0.23773867158292952,0.009604226033526519,0.24844543909320058,-0.0012434854041828557,0.05316516989050758,0.038751085135427236,0.38076532279917175,0.02136965863753966,0.2916554254023386,0.5947367280324299,0.14621860428858793,-0.0014583373221446426,0.3589717444733285,-0.04233193111114727,0.10769727410367405,0.008118851358915958,0.023420712321753683,0.08111786469601168,0.39822544314694935,0.41470906392652956,0.3977142206657854,0.02586399395208217,HC
HC44,-0.7669396931416279,-0.050441732664366024,0.04738171848090919,-0.10047488057935561,-0.08875456365379128,-0.3347087405178998,0.10893513408867088,-0.7669396931416279,-0.050441732664366024,-0.050441732664366024,-0.06057081966146368,0.271591899900701,-0.002887214564067881,0.38812768870891456,0.00841380246384935,0.309384761960775,0.02737516174953828,0.13266828271404515,0.05280239019219073,0.47335160055996767,0.014500658158590477,0.19513928248787676,-0.09266122636340914,0.10457604429817288,-0.019640046998822745,0.4694648862997354,-0.009534626835276819,0.20556469047997045,-0.04333691413879692,0.06945936435878841,0.20436366375964596,0.6002356960025277,0.6823978173054651,0.5751018739634801,0.02348791531980587,HC
HC45,-0.3415829917861194,-0.01275725806631693,-0.16052346264443745,-0.03565838046190215,-0.039044865515173936,-0.06887356397582263,0.0,-0.3415829917861194,-0.01275725806631693,-0.01275725806631693,-0.022128516394630836,0.41970455812312996,0.0020483114683922127,0.1653894748625553,0.006581108883012397,0.1895853047247409,0.027142289465213923,0.029542603477879854,-0.0030671206266710306,0.19838422797616856,0.005785509880527447,0.163445734642456,,,,,,,,0.0010389096347025659,0.08941957767147003,0.23726975991137642,0.48780176330557184,0.3007518787655914,0.019139472746693583,HC
HC46,-0.5405329450746862,-0.02488336429363344,-0.20114298704193861,-0.05995000001860828,-0.06514096829949356,-0.27431496317793685,0.0,-0.5945977829723823,-0.02488336429363344,-0.02488336429363344,-0.05279397067126241,0.2978063647650897,-0.0030908335960098884,0.2430255307454137,0.02828708092160069,0.2099668377956511,0.03091690263279222,0.02052162248876901,0.006842477478257707,0.2755938274456021,-0.013970180520744495,0.060973887696412085,1.6399012692769368,0.2623118112975997,0.08326134928531767,0.4103794422988435,-0.005534447091481487,0.042341499534825244,-0.03248511588993966,0.025196658983295175,0.13523820546900298,0.41497161201628757,0.6346659260328937,0.4722621542730777,0.06076954223064282,HC
HC47,-0.42345829486846925,-0.015123020112514495,-0.1490346732735634,-0.05441509798169136,-0.04059898294508457,-0.06732302337884903,-0.004427591264247894,-0.42345829486846925,-0.015123020112514495,-0.015123020112514495,-0.04440077418556153,0.02973072127888495,-0.02355316492794148,0.1609772457402724,-0.022364767482344936,0.06763376460491423,-0.030123597620339497,0.0401343883748759,0.021636015819946817,0.25422652042298977,-0.002984329249686214,0.060695354524863535,0.6007381362915039,0.25978876734123457,0.18208455713999072,0.42936817460031573,0.062267537933368054,0.03346635323236507,-0.03290262230113455,0.040365617947548484,0.08653127728620859,0.360815312230935,0.3968829701803702,0.22979509626981884,0.03022747687057068,HC
HC48,-0.34649030562809535,-0.007162150382995606,-0.15643201637268067,-0.03994557687214443,-0.028801385845456804,-0.183504355771201,-0.0010447901317051477,-0.2989107821328299,-0.007162150382995606,-0.007162150382995606,-0.028238415542006783,0.13364808245717616,-0.007909000692873825,0.14892261502357446,0.007717916416750019,0.09165754818680878,-0.007538096331869184,0.021905865523905464,0.04447195944294515,0.28145751761928434,0.005733055894558958,0.06736427815395178,0.6096605523427329,0.11586523965611274,0.09896326978227626,0.24707748174605315,0.015727845318798953,0.0946594450059447,-0.006115920892899221,0.05422888669917502,0.15511413283633732,0.3495036347704296,0.568915694630419,0.2458367408733677,0.04790833454031339,HC
HC49,-0.510890640366462,-0.022896918596759918,-0.0031471836951471187,-0.05713053926344841,-0.04926124230507881,-0.27898309192349835,-0.0019094337186505717,-0.5413020933828046,-0.022896918596759918,-0.022896918596759918,-0.02985307801355809,0.28398993493091546,-0.009059153232980515,0.22414019062023174,0.017314253066502246,0.18572911980284842,0.013816095040670537,0.0693604135410381,0.008561716636700365,0.2639912035018518,-0.0035945676836469332,0.10145933401667181,0.8450147120157877,0.15617509188198497,-0.022535049526912515,0.44271496550167655,0.16310630109643742,-0.10790341592043753,0.09234091352171217,0.03128289100770118,0.17594473904381602,0.4050306302668502,0.7344159685610069,0.4740542139720778,0.057942445249280085,HC
HC50,-0.5411538127263388,-0.02082310366630554,-0.14205877415339152,-0.036147691249847416,-0.0017552374203999846,-0.40282973877588907,-0.0009015035629272461,-0.5834011319478354,-0.02082310366630554,-0.02082310366630554,-0.03668738692233546,0.27795215532042045,-0.005715292228026865,0.23238959238197424,0.026400312416087483,0.1912038742314591,0.02655993796503074,0.04887705939715905,-0.0015329738006912052,0.2744272513749521,-0.022898179004039395,0.07059313142720154,,,,,,,,0.02633503345927622,0.15284570399072758,0.40756598299593927,0.66480385655615,0.455935185006424,0.07215661434629296,HC
HC51,-0.32166420660157136,-0.014511437485183496,-0.16245336574056873,-0.0337522320125414,-0.03370847930078921,-0.22143022675445115,-0.003084219089452771,-0.32166420660157136,-0.014511437485183496,-0.014511437485183496,-0.03390152643541539,0.35038581091346005,0.002719137161795072,0.17753973253994595,0.012569648834946486,0.2007876513242333,-0.004959534049020343,0.04331243764241989,0.017756908633525463,0.19542846208138032,0.012670926400393415,0.19129705834351896,,,,,,,,0.029803761312646344,0.10136185246107367,0.2707872101663608,0.5378233712059923,0.32632718340619976,0.019371372194968987,HC
HC52,-0.34228905818773353,-0.011398023771203082,-0.208387312847635,-0.039659924009571905,-0.029560492474099864,-0.2669065871031388,-0.0016811230700948963,-0.37125050727180814,-0.011398023771203082,-0.011398023771203082,-0.03413717373142433,0.34568148396044274,-0.001545907716567108,0.2284821149064515,0.020683451433564065,0.26314204535529734,0.020621815147445623,0.08173109057361161,0.012879569367569807,0.31647372146775943,0.05192296050255894,0.25850232901302084,,,,,,,,0.04202914549293116,0.13619273418201622,0.3852336096464439,0.643729843267118,0.3943266907453762,0.03943517333175251,HC
HC53,-0.613547064590454,0.007186609148979186,-0.026478360223770137,-0.05969246292114258,-0.05522497634887696,-0.329389373588562,-0.0014586993694305419,-0.5950437455654144,0.0069824560880661,-0.020353743195533753,-0.038881070260641575,0.3115773438700521,0.0041088202346743355,0.3007928630358759,0.014065103468490523,0.24996103684150311,0.02416338489174097,0.04382513867834617,0.003924256773697133,0.3289730239864231,0.009080770188192339,0.23228572445716628,0.594946863827882,0.19012897978617885,0.04425121086323994,0.4314093037215759,0.05280939058911849,0.22607044118583153,0.06338964845106058,0.04017281564092515,0.14988995701987912,0.46042392232725604,0.6144185618113945,0.45723048937224187,0.03565123268771096,HC
HC54,-0.5224987656729562,-0.01926168665593984,-0.2586155447667959,-0.023785494979546996,-0.04601059281096166,-0.28970265135473133,-0.0036659043175833565,-0.5839825478378606,-0.01926168665593984,-0.01926168665593984,-0.04820826954483398,0.4709003101542264,0.00830588180314767,0.2512290684989175,0.010230156839618094,0.2128267579539747,0.05401825294546405,0.08243513949238924,0.010058886218774415,0.2874908972162329,0.03897798651211446,0.12947160717132727,-0.051846707661946614,-0.036192707329214424,-0.07146788958021275,0.40177484040082884,0.04065199626078303,0.5898998687939594,0.01516390141483731,0.02296300396368309,0.14540049434905863,0.3815634202223974,0.6755980338351587,0.3872005084445477,0.02801663700139841,HC
M01,-0.8160617613792419,-0.0018605839354651334,-0.1588620209693909,-0.006137771861893791,-0.07329117621694292,-0.45813113838434216,-0.004134389843259539,-0.372541743346623,-0.03131982411657061,-0.03131982411657061,-0.034856924524843604,1.094713474798331,0.11048375864119966,0.4764379598321926,0.07401355182774351,0.3727050687115676,0.09522687179274644,0.1869687831902239,0.1581121709459704,0.45305218177707574,0.085281891437898,0.05380216546339841,0.23468302456537882,0.29973752795318326,0.1219676884022296,0.484180615564327,0.15824470004074392,0.04340645063427054,-0.031084681219633474,0.14309778715850618,0.2745143055170454,0.5695090476876133,1.0124955602793126,0.49270680597373556,0.05637605343394638,MKPP
M02,-0.44310580405992334,-0.02949276323171006,-0.38603354188584793,-0.008488007869917092,-0.05734102642413267,0.015159024282829042,-0.0028821157610293517,-0.5808244649896916,-0.02949276323171006,-0.000321647272896521,-0.008091910550532334,0.5272102954622554,0.08019500706460106,0.45212384912705567,0.012648983813882233,0.26025434625664423,0.025083315817661857,0.15130191128268947,0.12603756670508792,0.4218994137221679,0.007853397692950745,0.09498354409953982,0.46062510905843795,0.24770946558114942,0.11457527174218725,0.4362694513489535,0.04032587299443879,0.05835608238803518,-0.05065489899917455,0.10616714376018252,0.11793273638815437,0.5330798674453336,0.4805507633292457,0.3351547319810002,-0.026000314846632316,MKPP
M03,0.22847528413490015,-0.014018705398948105,-0.179183073176278,-0.009770854899176843,-0.0137017606916251,-0.4273935367111807,-0.0020349354986791256,-0.47132647876386286,-0.014018705398948105,0.002980311082469094,0.04479524913882105,0.6467147132985427,0.0841732385878377,0.4541209530803977,0.0005115692385088818,0.32506891755501005,0.03875059570201688,0.13625238787591792,0.1320700507975888,0.4659544961339737,0.020705471613883634,0.15953887311965953,0.39227521358501344,0.23879266572735386,0.08278816618453554,0.5000760601619855,-0.01596347322575491,0.12300720070391306,-0.0429432005280419,0.12255249550380617,0.16161255827422863,0.5905497306102138,0.636655466296305,0.4047425198530977,9.927612292774085e-05,MKPP
M04,0.06745623917255587,-0.023535084770721137,-0.12111316421656933,-0.0037073134913027848,-0.014037990199709404,-0.4109739960976017,-0.0019913034358070895,-0.3803762560909234,-0.023535084770721137,-0.01392523882458511,0.028633063084392937,0.1520946605253348,0.07102949909606197,0.3290885833515024,0.007119864920448404,0.08474866793873749,-0.008158023415140514,0.19630350126870014,0.12521151957191703,0.39548694793099315,0.024690964095934655,0.04764439852743541,0.2760025391072938,0.25068537167099175,0.11949834866104796,0.448589410594162,0.04222894961122843,0.09433643050299464,-0.03703747193700181,0.1473095753071258,0.2527173645724898,0.49337014913235977,0.705632821241437,0.3392958249870191,0.04253966990486227,MKPP
M05,-1.0368587254842123,0.01039167267481486,-0.23163360907236735,0.022192810519536334,0.007324853006998693,-0.34697458896636957,-0.0013712226549784344,-0.6105652196566264,-0.023375379021962482,0.05975501321156818,0.023910237315378252,0.4796806350764765,0.0678052612823918,0.39524605811649705,0.010478539058571908,0.2523503712174517,0.01875997425818219,0.11906939286289571,0.12297922221370611,0.4168861814311348,-0.02903351260834957,0.11558480753023433,0.490730303923289,0.32053243215112187,0.14663044286413138,0.5194506258695286,-0.05537759217618167,0.0622983154153007,-0.040447396299579066,0.1095017911842168,0.2768814833680845,0.5351486251637357,0.8538662573844488,0.40154975547573335,0.011880541910995827,MKPP
M06,-0.7161722439733045,-0.019438396589509372,-0.16731126242670522,-0.03704070358440795,-0.03807742386028685,-0.12621516499026067,-0.004639194916034567,-0.5200308581467332,-0.02548574511347146,-0.03415955072846906,-0.005015682269026907,0.5876902076142309,0.05026790303157698,0.5745703235024449,0.0026854421418175587,0.49306269975582084,0.04724719942108415,0.11579998298723707,0.0805236078576354,0.546965531708342,0.019012477320317987,0.35398454978404903,0.6047284827497271,0.26854406039651446,0.12920707796848904,0.6073062708169178,0.010296217540063688,0.26883472728260416,0.0018157729514913642,0.06171678318898642,0.05563924718057247,0.6644841317619126,0.36968303813402426,0.5143939932742257,-0.019234919190603987,MKPP
M07,-0.36138580402223075,-0.030629258802751216,-0.150810519631316,-0.028250398752166003,-0.03673608992157913,0.11794747967545578,-0.002337397642251922,-0.2942990430680717,-0.0340334654217813,-0.029919385292181154,0.0366264263627951,0.4453322946178827,0.042442440311551956,0.4788695118545934,-0.01799683281121961,0.34664805492932954,0.010618277616514802,0.1329776513888082,0.07988075004417017,0.47262553634706733,0.017999141572542263,0.2355335947445038,0.28975974856278836,0.19037897909749824,0.09845341821150941,0.4928796308531544,-0.008307560727460972,0.17368125659271041,-0.04875494901464087,0.07924891251805496,0.12089151210630734,0.627965430709403,0.46434827481019275,0.48695839299301746,-0.014796600431396125,MKPP
M08,-0.021930479340052322,-0.0026346315414525192,-0.10856276691191855,-0.027853303347580165,-0.02479563547015654,-0.337852230433824,-0.002118622864730627,-0.08321303707616338,-0.002337269940728807,-0.007196667208281936,0.04904125037832353,0.41421220584070856,0.11972986336710902,0.45027213097893914,0.059475643460181596,0.2991792430962339,0.045539648059254464,0.2526165672503358,0.1699349712468296,0.4986098623372208,0.08430411089033195,0.17717668794182265,0.36632867529726865,0.2644352091222805,0.1633175557679545,0.48891583350973716,0.09050840862429066,0.1485169234559787,-0.00607832384983112,0.1150889418416798,0.18327648748148118,0.6040791387686877,0.4879768858711149,0.4594140317405235,0.0667146546408485,MKPP
M09,-0.747239025922922,-0.033419758112002644,-0.27501560498506594,-0.032814776377800184,-0.010089266300201417,-0.6069917275661078,-0.003954251347443996,-0.7319543661521032,-0.033419758112002644,-0.02122611574637584,0.012338733802143727,0.9693910188663311,0.16680479312412225,0.5778831854860313,0.550071760785918,0.5321565056716862,0.08296151624843943,0.1588157369460701,0.20094956704725997,0.5239105415232107,0.5429219279830786,0.26099205775602674,0.3741175727676927,0.3289408312494104,0.21296948453841114,0.5487179261773422,0.5106291206817977,0.23197335027165564,-0.03473012577026854,0.20532584494262648,0.37098981871737857,0.6580893836247231,0.9875020809501404,0.6051008993449526,0.5013321976054849,MKPP
M10,0.03285547121711399,-0.009080428078240556,-0.015190925320146589,-0.011064321504751212,-0.03149062254683302,-0.35491255211735906,-0.0012929501010495211,0.03436065199818065,-0.004256999709389426,-0.0028639993460282042,0.06606654871756087,0.8967683099438947,0.12405628253529506,0.4279611439460879,0.07649861285540521,0.3792201279065153,0.04982066907347413,0.18037758510783042,0.16217607478104093,0.4815809103775645,0.0487002806383239,0.1456726294806938,0.5465095272064209,0.31685954258995946,0.1636419526593451,0.5265049232070194,0.02993437051876095,0.10251392528226286,-0.0362941284059149,0.15155867499827413,0.22695520701299085,0.5005139914459904,0.8178795719256745,0.369463021211312,0.05725955517552332,MKPP
M11,-0.5405986829628622,0.00615713539876436,-0.09786535481761273,0.054878699958772585,-0.01670427449663779,-0.39775108446752216,-0.0013702456485059926,-0.3938845710467575,-0.015899376071485363,0.0320102870643587,0.06575176340926517,0.5536558060171145,0.15002142422924325,0.5540866743806705,0.25103230164138407,0.3984080992427631,0.013199452142706007,0.21643112439582407,0.20541810725058082,0.5617406045847974,0.3030292746789047,0.25710990259729255,0.6101594021419684,0.3645899721999762,0.17130877442124567,0.5569096018940466,0.3182428096889045,0.1898544645852062,-0.01904446388315605,0.19135021966769114,0.27048712631256866,0.630629387088496,0.7498236078844814,0.5186482324052004,0.18297828885802345,MKPP
M12,0.17292194232680919,-0.009621841224714938,0.09583394597754868,-0.02329036049527417,-0.012453777717709077,-0.44710246917524227,0.000489748194987672,-0.026723387493697588,-0.008292303543610331,-0.008895852615861113,0.08814449281968971,0.5845697318107272,0.18092744427003843,0.42052769430644293,0.17337294914521195,0.3127111932989186,0.036677043547347576,0.1478024200684689,0.223736915647176,0.4944297105549441,0.24946763464126426,0.1683045207176215,1.2547160635297259,0.45640191796653845,-0.014655513525757722,0.47228144819201195,0.15623791420683114,0.06495345789594247,-0.0016223570338630118,0.25041227311081443,0.3442259954930184,0.5903652180545302,1.018141001246423,0.47655557935621046,0.19119965324426005,MKPP
M13,-0.7383717006683349,-0.002296807956695558,0.1865537696838379,-0.033286758136749264,0.09031830600102743,-0.13819967451095583,-0.003320224380493164,-0.41696944179534917,-0.030125873279571534,-0.030125873279571534,0.10881184531029642,0.8842981053563496,0.0677005023611873,0.4303517338662692,0.07097924941231416,0.30104265243660777,0.060586349225034676,0.1538138852567239,0.09760167601919169,0.4018793142528799,0.07187768475406793,0.022097294452438968,0.10765919688976174,0.18020790654097676,0.08495832181121865,0.41118219305246045,0.03664988061914781,-0.03100088867830099,-0.04629973358858688,0.11144986368431516,0.21663695193055732,0.5325136286160307,0.667771596107027,0.36958635608332224,0.060031105631348176,MKPP
M14,0.2401917685035966,0.03133692252941621,-0.0023929331812084244,-0.008081538974729359,-0.03187141867173024,-0.2194721390813844,-0.0009350981202899901,0.12366492210697924,-0.0016580830211313361,-0.012281661149783012,0.0850302411646521,0.6047894358418774,0.11705197052393232,0.4003550178149802,0.05596495392373963,0.2681441186451674,0.016049234253017963,0.1219474632224168,0.14972300033154445,0.47382123945311794,0.08836047693192602,0.1319009391065294,0.36595668780176266,0.23084818677686184,0.0916242256774054,0.4770571994107547,0.05581826528503361,0.08159522206198287,-0.046235651447868266,0.15859560462273511,0.2526636273315833,0.51658758730182,0.7428521574927573,0.35479963215817933,0.08406847696440208,MKPP
M15,-0.3576593221459433,-0.020760238538278596,-0.24022053592672973,0.002551122318918461,-0.027699654904481407,-0.141807942813802,0.0019983607753414974,-0.13976498024485937,-0.02553112242823449,-0.02553112242823449,0.0036598449785543935,0.18205718435161358,0.01811871559803668,0.21059169318790585,0.014373604460488803,0.07811893415676378,-0.02483176431040875,0.17429844667245864,0.06516400486042269,0.3086737859648989,0.024930293136573682,0.04919132488608962,0.03299133671654596,0.15847092682118494,0.2891686646554213,0.4266430871341284,0.08037931722046968,-0.02085626571778067,-0.08159005610143764,0.04222202816478096,0.08177845081806691,0.39406705145265297,0.26278665471381074,0.18509130722083306,0.034284188283986716,MKPP
M16,0.05628351616638678,-0.013584230751902968,-0.16973756863011252,0.03742410347417549,0.06434640096293555,-0.35519572873910266,-0.0014500178120754382,-0.18638666141916202,-0.018813645365061585,0.008163383470641241,0.09756749657635437,0.5050660978148924,0.0974244547577634,0.3529232221617902,0.0020148304411748,0.23028959114564504,0.03476261014072118,0.20543739861533544,0.09808044447636216,0.3764274343560081,-0.032393330742763154,0.0300292371147862,0.18539948972917739,0.2147208483554301,0.05284730513171566,0.43328578596394113,0.0016802294289007397,0.031807970536574394,-0.044233805121162484,0.09902991569229298,0.22092556125362145,0.5099772616836884,0.8075600505418099,0.4373372820740127,0.002203151682005799,MKPP
M17,0.5900218659322619,0.0014718954171535476,-0.1296104161290155,0.024030061735623123,0.0260672632622834,-0.3332249130834128,-0.002322085053448516,-0.25678971397703976,-0.015439454881465378,0.016370220927224642,0.13260727943502387,0.3837788622229162,0.11375897023321416,0.4137450791146205,0.25539971905718745,0.23877488436093652,-0.005975566477643401,0.1931339150579753,0.15366485526476742,0.43592466582621703,0.29665546100696066,0.118728442055019,0.3188996992767721,0.2605590509044305,0.09777509741295075,0.45184808265684223,0.2969849135943223,0.05927191754518547,-0.043503282083510744,0.15416864447892087,0.27354650250845164,0.5348829623798242,0.7065586404885251,0.40046346540905237,0.2494286773063015,MKPP
M18,-0.9929486645062764,-0.051014910380045575,-0.33346737551689143,0.07035922543207804,-0.024464157342910773,-0.11550436941782632,-0.0027370274066925047,-0.7436796101729075,-0.051014910380045575,-0.01903597338994344,0.037477365226456616,1.0788726059949172,0.17594582466110337,0.6135896631401211,0.3478952410727905,0.4526502961159267,0.0662710527638617,0.13962272453004532,0.19499849956924065,0.5702228722330634,0.3234927077839774,0.1911035093817858,0.6198413867576449,0.435610268600996,0.08075886973112166,0.6203365178711169,0.28586415345602606,0.23265540790468534,0.01815064976387899,0.19341042122514682,0.3398005815175935,0.6531685267360383,0.9175621041553458,0.48966836568952893,0.2980435714476051,MKPP
M19,-0.9413347139503017,-0.07844065088214297,-0.32416774865352743,-0.16697581348997173,-0.1629393499547785,-0.718357740387772,-0.008244410464257905,-0.9596418380737305,-0.07844065088214297,-0.07844065088214297,-0.07003526704918744,0.7523985453726674,0.1701630247181058,0.5332029442167514,0.2886242733480014,0.28652205286824933,0.056320839743696435,0.16599619650112818,0.21059321608146883,0.5445378221168001,0.28306904285191953,0.052846022454904676,0.5951943662696414,0.38497892960447827,-0.007197036350523904,0.5481465713181017,0.2441870136211718,0.01744133490084584,-0.020062432247253778,0.19239456481752001,0.2662986954801554,0.5939015501901834,0.7779486286458962,0.3333663281493942,0.2343322944316622,MKPP
M20,-0.8381592273712158,-0.05146243542432785,-0.06884737213452659,-0.09565294682979585,-0.06147850523392359,-0.3524057805538177,-0.007652091383934021,-0.8167631218830745,-0.05146243542432785,-0.05146243542432785,-0.06092589644434884,1.0977013519665058,0.15103517440547093,0.5628833851091087,0.2977419220040346,0.41369785661393,0.10537851553809592,0.31289521579960733,0.21522579726284813,0.5289583523263014,0.3019820770384729,0.03421799674586265,0.4688121923732297,0.32984067022497054,0.11969514959880098,0.5731804579090766,0.24031218089964848,0.059351843559177886,-0.009782501777155816,0.17202721484087324,0.38784989289082406,0.6109141439101078,1.0465509312602712,0.46042936981075994,0.26254014219425476,MKPP
M21,-1.0392673913799988,-0.04469552305279946,-0.070454256680547,0.1373172735438055,0.14750903003069818,-0.4424513114228541,-0.0040528465533743105,-0.5006524614411958,-0.04469552305279946,0.11219557477503407,0.12794553372365963,0.7054364900890895,0.1684179159876369,0.548155341241045,0.19632911744846646,0.3172641142985678,0.03433653742398598,0.20297675561454454,0.21703254842567063,0.577179077336542,0.24161242313696557,0.1524800703608056,0.6126531773455003,0.38702459993992766,0.2018582926597483,0.6153743578790587,0.16879601010895323,0.1237038653125219,-0.02508402758915268,0.21447297037268445,0.3064583612226515,0.6450799936128344,0.9640147822980679,0.4269898942055304,0.18951805790520643,MKPP
M22,-1.0738818225778382,-0.06453557129563957,-0.12062091268342116,0.056428537615414325,-0.021443525593856285,-0.2734476637840271,-0.004134585487431493,-0.7539407324790954,-0.06453557129563957,0.0236426461154017,0.02468748750674485,0.576621850947751,0.15888893463905834,0.5649038143703808,0.27360252469978413,0.344079339462024,0.03719312642786727,0.25964822849519875,0.19224906032311914,0.611395697341285,0.2721971010479043,0.22748939457803505,0.7909162928722158,0.4072352263465978,0.335263257591265,0.6076744813799669,0.22828192969550026,0.10735306121474512,-0.03206857122542767,0.20853530024375144,0.28046433607201093,0.6981777699740055,0.747634104119537,0.4912717308446833,0.26872973819896223,MKPP
M23,-0.4743112379270243,-0.018389034262785674,-0.09980503408621388,-0.016763327781190263,-0.0013458321956878007,-0.3875742908403383,-0.0016720972669885513,-0.5376460728408597,-0.018389034262785674,0.0802641004619869,0.0704332872867131,0.5029680044371848,0.13074765400460134,0.5559384069892183,0.32845684768609124,0.3842968072324713,0.02744911013290684,0.19279033353431707,0.2136731459463585,0.6025634141118512,0.42823375018855714,0.25500588897170917,0.9007814767814818,0.4370113851557651,0.08120770008090099,0.6179093148671918,0.3909728914587221,0.1992019244122441,0.012127012006705334,0.18888565216479003,0.2669039261367608,0.6872698613825045,0.6233113835430617,0.4599550664326205,0.3355076186117151,MKPP
S01,-0.37558170220623277,-0.021325670284767673,-0.27589175887303813,-0.05868075779039566,-0.006264106035232541,-0.26164370965467737,-0.002285149579178797,-0.28609910532219773,-0.021325670284767673,-0.007925225039051005,0.031076471868275838,0.9259022924079368,0.15888966166162605,0.49652918979676786,0.1293687812834476,0.44712091199743303,0.06492386302968861,0.28732541777552006,0.20601154814223416,0.5077435404371617,0.09690045459814219,0.1383018655430789,0.21061061669720543,0.3180609044135465,0.13837753427487534,0.5103635189322092,0.12329964014666049,0.11294440633647275,-0.04059399847584016,0.19954023222571704,0.2944638398846267,0.5834869372757717,0.914528823920268,0.47608912259506947,0.07079646305577628,SKPP
S02,0.45242670870375357,0.0013601472675310964,0.07967762418568429,0.003377587474234193,-0.03090559488642588,-0.27305165151461397,0.003066909715459852,0.393840743324831,0.016380034747773595,-0.005574738249207169,0.12932665688828898,0.8264716995516451,0.0950770388368881,0.5370128958675945,0.12557409903383013,0.4854192529416984,0.06334660867511334,0.22733404793605605,0.12232974914085322,0.49226723657961025,0.10143787161432372,0.2447071421826968,0.5570688042673124,0.34390036649062594,0.08729621309277687,0.5851065022278148,0.1412493930244687,0.2750344195101891,0.018827897200456387,0.15123592656923598,0.25612518296108644,0.6380533749760605,0.6488150568611061,0.5649617693801212,0.1227581171147335,SKPP
S03,-0.12221727815737209,-0.008701254976801125,-0.1972378707722009,-0.008555446975681199,0.0010671615672398775,-0.42644051312083703,0.0021012424602805373,-0.1966957050681593,-0.013146469085570798,0.006220497347743636,0.06330448924151562,0.8442842950646144,0.10646345691013445,0.4568606814789781,0.0797092410960427,0.40035236055425527,0.02511409453638988,0.1458109357312773,0.12577023789942537,0.4699271294270044,0.09833643862239935,0.23611157227811663,0.39857120829599874,0.27134195861921107,0.04518281649575912,0.47922514460494703,0.04313791740629647,0.15628792402620095,-0.03832874687817684,0.13311057630640896,0.26531313782507715,0.5377023017727762,0.7481461004575077,0.39960045733791916,0.024818288811806373,SKPP
S04,0.31215176439292114,0.004469404221264986,0.02883341505687536,-0.003650929542088468,-0.0002728628913903471,-0.5184899866847696,0.0005256876884625688,0.11233360656635964,0.031555487958439724,0.02167772123065408,0.09818120798565359,0.004043837784626602,0.07944657233100956,0.11825651551699637,-0.08313563822088436,0.01927865268029029,0.020021645061992027,0.2477867618635805,0.17425406356786582,0.5206624354715618,0.137072685152027,0.20920465923811185,0.8503278757655431,0.36737887030852345,0.13048475770470447,0.5073833961834711,0.10452185100170779,0.1232368426736415,-0.015052264932931261,0.2096422010418876,0.3612762022621609,0.6128681485937088,0.9010745269390149,0.5361852577046974,0.11025881983586014,SKPP
S05,-0.17454371218497935,0.012817204525837532,-0.028549648431631235,0.01357951974639526,0.0596147202872313,-0.4481532804782574,-0.0006323529493350248,0.052856847747014116,-4.033576983671913e-05,-0.002909313646646647,0.09116906997699922,0.7226368467233227,0.14647861634036238,0.5199754516303782,0.3959191293338272,0.43215122556792207,0.050721176788731254,0.16856593906023562,0.16643674064717592,0.5002791817604304,0.3456396368967047,0.2299987237706872,0.02158205595569334,0.21021536652291503,0.10273885345871867,0.514865156878326,0.36459111032658936,0.2104495516444315,-0.040028908021103295,0.18895388385012876,0.3182843704154934,0.5918391932592101,0.6823248224740242,0.46084261599073945,0.3468675705698802,SKPP
S06,-0.742022500821014,-0.01959082382828442,0.2503158825546948,-0.012387472195411796,-0.05158144353041008,0.000638099926621156,-0.0012587884290894465,-0.4367726808163657,-0.01959082382828442,0.016077136495220128,0.08023686415699585,0.8648036721112576,0.14191442739864654,0.5451085039585131,0.12130677996072868,0.4634685937303578,0.0363670294898168,0.23846935295730642,0.24430030489494486,0.5655696583880808,0.14026095041486056,0.23315869489723168,0.7816727947714317,0.3974936959293737,0.049742490290546504,0.560069331678117,0.06772438153371452,0.1391071504429838,-0.016199740997887763,0.18826067748081762,0.3281798543853129,0.5819003322626662,0.8512461893216132,0.40277523725055525,0.07580125528141946,SKPP
S07,0.27153988508298266,0.011062806880854216,0.11233186920587766,0.037745093555270975,-0.0007662388409735696,-0.4147836154752294,0.0003349659135063718,-0.016883843093409442,0.009846315931663173,0.011554818546591288,0.1007236546522763,0.43337312944935497,0.11110394367563377,0.38307378664038705,0.10541095236680974,0.2654736143127972,0.008581129661029124,0.2057329872651159,0.17050982373799453,0.4636893829713504,0.16001022021184222,0.189106493864475,0.38039883186419804,0.30909743199605677,0.07679549446938147,0.5041434226241113,0.14393966915634032,0.1534447811140746,-0.020060775975630787,0.17614535453498514,0.2249947409094572,0.5455472859891304,0.639159598050865,0.362144381561984,0.07541679183072869,SKPP
S08,-0.3251930076196858,-0.01315656206379198,-0.1949889722507294,0.016894642589571268,0.03437772381795596,-0.42206077696389804,-0.0003589355401252502,0.20926876185555437,-0.004672353915427917,0.06564630193117002,0.09469070994957703,0.7794175409478955,0.10582353333855699,0.35304324998037034,0.14932566971579017,0.281546426155391,0.026511782095310115,0.23314546275662654,0.12948012014884272,0.3767588957911331,0.1169745395548608,0.0513084714638928,0.8230187543498145,0.25262040221446463,0.0637281273603899,0.403303965268808,0.07475360840772781,-0.016787154726316502,-0.0004469364050820939,0.11858528723104378,0.22582837054866345,0.41200092432157875,0.7655616584518489,0.3958069245682616,0.1397690053698591,SKPP
S09,0.2028391933332046,0.026294510817136768,0.07370898614349845,0.03879151905837812,-0.0003659548721269833,-0.12013168447395937,6.181068860511579e-05,0.3130069574206772,0.004355326939820334,-0.0027075666796151777,0.12052559937893775,0.22062983936768157,0.10604123858089157,0.25588853323812055,0.06539801302877879,0.10798735683695279,0.018286832622007237,0.29097529239235365,0.2047178530710723,0.4828497243615406,0.22497752200458201,0.057827857135864115,0.663685558942648,0.3264204120742137,0.2104142023988077,0.45692720720829494,0.20434591299636873,0.017567098516533982,-0.024411237076599084,0.17028284408272815,0.28737978121906965,0.5003691269588739,0.7986177942039202,0.37144279555738546,0.19961763291162885,SKPP
S10,-0.6309515841889294,0.08216087014247209,-0.2031101299904205,0.003766070918722468,-0.023485920782927626,0.05447613905201028,0.001636386345594357,-0.4985554473042051,-0.04062638121646839,-0.03602247413261469,0.05857337461623162,0.41982831468803317,0.160074124815998,0.4479758209845853,0.17660954128503115,0.2056609588132458,-0.007292614820338752,0.2786304825412975,0.1761147163722381,0.4704929108912931,0.15911843379647655,0.07289815975734028,0.5617449667865847,0.2971786719919848,0.22753654249402264,0.4586630520418187,0.2243909450352333,0.026122538259282464,-0.061410897695595296,0.16250450798540034,0.2161902474771882,0.55256804525779,0.624377115094984,0.4001588731820395,0.14692485887386225,SKPP
S11,-0.5357161382675171,-0.03411687965393066,0.1380680700302124,-0.04172303147315979,0.09770417366027832,-0.2416835347652435,-0.0020617106795310976,-0.6257510850667953,-0.035077468705177306,-0.012543735456466676,0.02927583400604354,0.919760144625434,0.15767642877339463,0.47126539093986436,0.2434261205630786,0.28436612386230153,0.01923545654391672,0.24287749291063343,0.20632009940187762,0.47652740149677925,0.2804166958678248,0.055228616392389566,0.8218548470656077,0.3291105534206574,0.13277161060373335,0.4742240661474184,0.18481979484185568,0.10046165555629756,-0.020172678368776786,0.18523237928822794,0.32013334599090393,0.5499722146266731,0.9484110295594296,0.4661080104036631,0.17249124906470337,SKPP
S12,-0.08962309768005294,-0.00987792478734944,-0.1438921003925557,0.046795013165798316,0.027345231276791112,-0.2960282296753254,-0.0015834744000921444,-0.16382395898809238,-0.013013325655946926,0.014234786968247419,0.08821305602612585,0.5919530213446315,0.0881533516620228,0.4526936335131101,0.17319503928034227,0.3169771993018995,0.01625814009985973,0.25425288930697393,0.14970963002617751,0.436147457712955,0.14002849736086315,0.06388509583105585,0.25295787250427976,0.22152046259405608,0.2014916573678811,0.4267847180592518,0.16976316301481537,0.059464401081396404,-0.08359216389346297,0.1297838362328605,0.22201180989283048,0.47505945123868726,0.4758081928091668,0.29845318655604425,0.15561618280663897,SKPP
S13,0.5732546841592607,0.0015436938976099391,-0.0034609396407704156,0.018105143780955773,0.026995485100798505,-0.31739029523438794,0.00012112280922735518,-0.13648878426252012,-0.011966135986074955,0.007702141359537662,0.11053969884320983,0.18170906097527878,0.07546330344314488,0.30182556686592743,0.0025851011369948,0.10460920685490668,-0.0010285784290540252,0.1904692907267444,0.12853300074241888,0.42008404303771985,0.09183675801393491,0.10227784891675148,0.23574276638619693,0.20654167748970115,0.12147669915249867,0.4371107553613359,0.08019729673074705,0.09150175846103499,-0.04646914086531986,0.13139376569880973,0.12262655748031943,0.5340057638118159,0.30639858273014414,0.2315439685010574,0.06206209523085363,SKPP
S14,0.24309488886144667,0.026338610203551664,-0.05074992073937102,-0.01525350929261345,-0.013272882270776618,-0.1605261238770663,0.0008501152413478796,0.06089355690983032,-0.01705664076394111,-0.011468277945034746,0.08328282476390184,0.3264409789946035,0.12627392143683344,0.36554572692642545,0.12599342131599034,0.1580269514209677,-0.007634422519398576,0.1358912347618545,0.12061440815564572,0.4284510318146728,0.20350704640518938,0.07144503707807971,0.5124976489610142,0.26617951362539544,0.061494823904282056,0.47772912317930455,0.21379294227016946,0.03553863610834639,-0.05790335708809006,0.1604801654846351,0.22355121342532536,0.5513496642723812,0.468625145731215,0.3501299590414762,0.20114544221565633,SKPP
S15,-0.7829656644344329,-0.037859848213195796,-0.05513873116970061,0.08386540715694428,0.06956275708675384,-0.3655218835353851,-0.006686759853363037,-0.5589018871068955,-0.037859848213195796,-0.002626152110099793,0.06598659476899588,0.4128518885385658,0.16608436883563693,0.4878021271579608,0.22705363726960126,0.23839728728049742,0.018803275671775727,0.31588845061530985,0.22292083105285504,0.5627864279489062,0.29497697239570914,0.13547635770857006,0.6728924748023352,0.38511211229160247,0.2707065281776971,0.5920537164128761,0.22527662501567153,0.07171297958282573,-0.02458065051057152,0.20196421416891758,0.2682357793161634,0.5894900316357247,0.6944898331028486,0.37899706473092415,0.25493971216038885,SKPP
S16,-0.7960991278234518,-0.016157510190639858,-0.37000833684543394,0.0035219023362645517,-0.02018369976079689,-0.3773686585786208,0.040013153058178014,-0.7173865148706257,-0.05244731907574635,-0.02112080583032572,0.029814001380917252,1.0204825350273303,0.21200360710518498,0.6115114731240355,0.5191722505149324,0.44489868178068737,0.0931668135308195,0.2979078262771957,0.23687382894978418,0.6296163190501558,0.5569944134117497,0.18731433617548135,0.8526507624194153,0.4463093249670199,0.2267886099148504,0.680477915176883,0.5559477747520736,0.2312062438754574,0.048745358231068944,0.26369653072883453,0.49090104902510695,0.7075578469414324,1.2148823846998824,0.5829619638580896,0.4886784241145319,SKPP
S17,-0.9341128158569336,-0.0397577650508573,-0.026052661249714518,0.017694211544529083,0.05921139021073619,-0.3092364589629635,-0.001954597561590133,-0.504254354353874,-0.0397577650508573,-0.0055116164492022566,0.06340020713959497,1.0805977460230232,0.12769280394535226,0.5433813969291599,0.29867056837106026,0.3978388852655748,0.1026533821075916,0.2869069098352688,0.18802020967441035,0.498055940438999,0.2929409057016784,0.08159754357365237,1.2781251985331377,0.4000891199540362,0.1931724661671405,0.5435563942556607,0.22343195523709644,0.03234736556500832,0.01131668778628901,0.17559488810270557,0.38331543169302607,0.5938370793703341,1.136943321479758,0.48392962796291106,0.29324430247229055,SKPP
S18,-0.6475322980424937,-0.02839092936936547,-0.26941315752969064,0.007053105164976682,0.08485853629603105,-0.594404398539487,-0.0021216945174862356,-0.37961851737429114,0.12298749202840469,0.00611457088063745,0.06612730623490898,0.6153022931849521,0.16173712450612665,0.5034490432259995,0.25525195702099185,0.2690170101813946,0.03760419657450929,0.3829915137728643,0.25142480783303933,0.6107792271497117,0.33267364219781603,0.14757361679529138,0.6878695317415091,0.493773476177567,0.3061575708009402,0.654930928511335,0.31250177774103255,0.17020522620140038,0.013912513567454952,0.20932307993087496,0.3436058710489209,0.6380703430247735,0.8370974589924682,0.44746702910904446,0.24572261229078304,SKPP
S19,-0.7351725414821081,-0.019858353308268958,-0.41728910957063947,-0.10941833291734968,-0.11647630112511771,-0.12442771605082924,0.03325180292129516,-0.5132003995350429,-0.019858353308268958,-0.019858353308268958,-0.055124898058397764,1.1640222730324183,0.15920418400606007,0.6091985987723936,0.3237330880922607,0.5052105063565527,0.08967002160019664,0.21526429382982504,0.19491002644521346,0.5769646492468048,0.30911546906530524,0.1676671479266285,0.5281957367750315,0.3679138583573697,0.12255341741728147,0.630207383161874,0.25700979471550606,0.13384102313135013,-0.01102394180151814,0.1722755541243508,0.37294253247099346,0.6438377115467304,0.9743028742911567,0.5284842093444001,0.2745605107899238,SKPP
S20,-0.7704213586606476,-0.034431902985823784,0.031682455665186834,-0.07275246243727836,-0.029097736760189657,-0.18443212810315585,-0.003768905338488127,-0.7704213586606476,-0.034431902985823784,-0.034431902985823784,-0.021831890029267623,1.2194697400551793,0.16434297591102986,0.6097006963338736,0.31648391846463475,0.4600179659286956,0.09020338525236002,0.20164694195883487,0.21476238511058318,0.6061711206534174,0.3439993761833546,0.16110569923326007,0.6371906431945594,0.39427219388366075,0.1338519180481725,0.6053121588047049,0.28073590185489394,0.11358164788735782,-0.00450862272561259,0.19401399673139433,0.38642188472461564,0.6570458841485618,0.9963827338385042,0.46572321392651955,0.2359649723216105,SKPP
S21,-0.5974169720709324,-0.033270752960816025,-0.1090660172328353,-0.0816401106864214,-0.063180375052616,0.0600955306738615,0.039727237988263366,-0.6180462253093719,-0.033270752960816025,-0.033270752960816025,-0.0508699168215071,0.899067821562989,0.07146314152734953,0.46390955940770384,0.20645158016178689,0.3710836664871131,0.09963389913758434,0.25337950799449316,0.2027630314320186,0.5587758465301683,0.2561750482589587,0.12499098985182976,0.40810216404953786,0.3210971303857903,0.12301283735371993,0.5906298865944403,0.18717038699203895,0.09086766926372589,0.011884451687632337,0.1615661194463835,0.3645162226689294,0.6168928879190465,1.03483695429692,0.4669140885952235,0.2236942189573924,SKPP
S22,-0.9622994895458221,-0.05542678656578064,-0.1715111322879791,0.0074455036878585835,0.14502731199264526,-0.3852522500038147,-0.0057912694811820984,-0.6601478322029114,-0.05542678656578064,-0.0017871529102325417,0.0533897455908668,1.0233667118200127,0.2049496955636026,0.5462204067394159,0.32839454160619574,0.40135976822372615,0.07154500569682126,0.19464191586443763,0.22989501699253231,0.5677287357962686,0.40632098046953913,0.1308875566899538,1.0907340923062077,0.4173289114227329,0.09570028816466492,0.6148491843870963,0.35269191581298887,0.24405112497439405,0.050201801617273834,0.2657561909953287,0.48892904323750946,0.6434526429427414,1.022954640268408,0.484687817836799,0.30477440891736884,SKPP
S23,-1.0486443350450048,-0.06646584258889253,-0.25798999404007533,0.09677725319592458,0.08148205203830072,-0.37637693854997745,0.0027899169921875,-0.710545109532914,-0.06646584258889253,-0.027479179940133727,0.05154060794540757,1.0037878767969806,0.11159514015310744,0.5322325071558606,0.2760220641747883,0.4040095839922748,0.08538692930234798,0.1869306736138879,0.15988910593675396,0.5886044026728472,0.3087978418281965,0.32231768903459906,0.3761481409981137,0.30633842095037117,0.10039701425742582,0.5692836988291764,0.2757921202505942,0.18887796033982038,0.04404277942335146,0.16274220857667338,0.37589312857381524,0.594433802801484,0.9636575494544841,0.44705831534016655,0.3108750895023868,SKPP
