Sample,mMDSC_ENTPD1_expression,mMDSC_NT5E_expression,mMDSC_ARG1_expression,mMDSC_IDO1_expression,mMDSC_STAT3_expression,mMDSC_SIGLEC9_expression,mMDSC_CD274_expression,mMDSC_PDCD1LG2_expression,mMDSC_TGFB3_expression,mMDSC_IL10_expression,mMDSC_ENTPD1_fraction,mMDSC_NT5E_fraction,mMDSC_ARG1_fraction,mMDSC_IDO1_fraction,mMDSC_STAT3_fraction,mMDSC_SIGLEC9_fraction,mMDSC_CD274_fraction,mMDSC_PDCD1LG2_fraction,mMDSC_TGFB3_fraction,mMDSC_IL10_fraction,mMDSC_suppressive_score,Condition
HC01,0.09126173,0.0,0.0,0.0,0.6000169,0.0,0.0,0.0,0.0,0.0,0.047619047619047616,0.0,0.0,0.0,0.2857142857142857,0.0,0.0,0.0,0.0,0.0,-0.06835779816084994,HC
HC02,0.0,0.08862202,0.0,0.0,0.31767973,0.0,0.0,0.0,0.0,0.0,0.0,0.05,0.0,0.0,0.15,0.0,0.0,0.0,0.0,0.0,-0.055794995866130424,HC
HC03,0.14535573,0.0,0.0,0.0,1.2823564,0.055655617,0.0,0.0,0.0,0.0,0.15384615384615385,0.0,0.0,0.0,0.6153846153846154,0.07692307692307693,0.0,0.0,0.0,0.0,-0.010131712610919117,HC
HC04,0.0,0.0,0.0,0.0,0.43999463,0.0,0.0,0.0,0.0,0.0,0.0,0.0,0.0,0.0,0.23333333333333334,0.0,0.0,0.0,0.0,0.0,-0.07674369676026187,HC
HC05,0.13865809,0.06652327,0.0,0.0,0.8920733,0.0,0.0,0.0,0.0,0.0,0.06451612903225806,0.03225806451612903,0.0,0.0,0.3870967741935484,0.0,0.0,0.0,0.0,0.0,-0.04169351067456048,HC
HC06,0.08695552,0.0,0.0,0.0,0.38127413,0.05414474,0.0,0.0,0.0,0.0,0.09090909090909091,0.0,0.0,0.0,0.22727272727272727,0.045454545454545456,0.0,0.0,0.0,0.0,-0.015881687222800846,HC
HC07,0.049877923,0.047512956,0.0,0.0,0.4405141,0.07492029,0.0,0.0,0.0,0.0,0.03571428571428571,0.03571428571428571,0.0,0.0,0.2857142857142857,0.03571428571428571,0.0,0.0,0.0,0.0,-0.027611644372537544,HC
HC08,0.031596128,0.0,0.0,0.0,0.5567047,0.014719522,0.0,0.0,0.0,0.0,0.02857142857142857,0.0,0.0,0.0,0.2857142857142857,0.02857142857142857,0.0,0.0,0.0,0.0,-0.04277268333501184,HC
HC09,0.0,0.0,0.0,0.0,0.2344096,0.30663425,0.08871758,0.0,0.0,0.0,0.0,0.0,0.0,0.0,0.16666666666666666,0.2222222222222222,0.05555555555555555,0.0,0.0,0.0,-0.020049987688719295,HC
HC10,0.0,0.0,0.0,0.0,0.47982252,0.0,0.0,0.0,0.0,0.0,0.0,0.0,0.0,0.0,0.2777777777777778,0.0,0.0,0.0,0.0,0.0,-0.042530283352024974,HC
HC11,0.10928069,0.0,0.0,0.0,0.39583603,0.044341646,0.0,0.0,0.0,0.13464564,0.06666666666666667,0.0,0.0,0.0,0.26666666666666666,0.06666666666666667,0.0,0.0,0.0,0.06666666666666667,-0.01950468213789635,HC
HC12,0.27928296,0.0,0.0,0.0,0.98862624,0.0,0.0,0.0,0.0,0.0,0.2,0.0,0.0,0.0,0.5333333333333333,0.0,0.0,0.0,0.0,0.0,-0.01251407115228003,HC
HC13,0.0,0.045642845,0.024073869,0.0,0.7416474,0.0,0.0,0.0,0.0,0.0,0.0,0.018867924528301886,0.018867924528301886,0.0,0.33962264150943394,0.0,0.0,0.0,0.0,0.0,-0.03611605026629975,HC
HC14,0.0,0.0,0.0,0.0,0.7260848,0.0,0.0,0.0,0.0,0.0,0.0,0.0,0.0,0.0,0.3888888888888889,0.0,0.0,0.0,0.0,0.0,-0.05426317191306623,HC
HC15,0.0,0.0,0.0,0.0,0.37012425,0.0,0.0,0.0,0.0,0.0,0.0,0.0,0.0,0.0,0.1875,0.0,0.0,0.0,0.0,0.0,-0.07842814785490052,HC
HC16,0.0,0.0,0.0,0.0,0.75090605,0.0,0.0,0.0,0.0,0.0,0.0,0.0,0.0,0.0,0.3448275862068966,0.0,0.0,0.0,0.0,0.0,-0.05713888187380832,HC
HC17,0.22122556,0.08660049,0.0,0.0,0.341348,0.08594292,0.0,0.0,0.0,0.0,0.09090909090909091,0.045454545454545456,0.0,0.0,0.13636363636363635,0.045454545454545456,0.0,0.0,0.0,0.0,0.004501814455825049,HC
HC18,0.102013096,0.0,0.0,0.0,0.2841924,0.0,0.10565938,0.0,0.0,0.0,0.047619047619047616,0.0,0.0,0.0,0.19047619047619047,0.0,0.047619047619047616,0.0,0.0,0.0,-0.07215785686071817,HC
HC19,0.39009786,0.0,0.0,0.0,0.50839853,0.110277034,0.0,0.0,0.0,0.0,0.21052631578947367,0.0,0.0,0.0,0.21052631578947367,0.05263157894736842,0.0,0.0,0.0,0.0,-0.027776882233444516,HC
HC20,0.0,0.14487393,0.0,0.0,0.49604055,0.0,0.0,0.0,0.0,0.0,0.0,0.07142857142857142,0.0,0.0,0.2857142857142857,0.0,0.0,0.0,0.0,0.0,-0.019599854876599904,HC
HC21,0.0,0.0,0.0,0.0,1.2569903,0.0,0.0,0.0,0.0,0.0,0.0,0.0,0.0,0.0,0.625,0.0,0.0,0.0,0.0,0.0,-0.02750700857541961,HC
HC22,0.04675304,0.0,0.0,0.0,0.7208833,0.0,0.0,0.0,0.0,0.0,0.06666666666666667,0.0,0.0,0.0,0.5333333333333333,0.0,0.0,0.0,0.0,0.0,-0.013922006168546712,HC
HC23,0.12117804,0.0,0.0,0.0,0.8778154,0.14175706,0.0,0.0,0.0,0.0,0.22727272727272727,0.0,0.0,0.0,0.7272727272727273,0.2727272727272727,0.0,0.0,0.0,0.0,0.04478710870696711,HC
HC24,0.0,0.0,0.0,0.0,0.67948496,0.0,0.0,0.0,0.0,0.0,0.0,0.0,0.0,0.0,0.35,0.0,0.0,0.0,0.0,0.0,-0.03576354774561795,HC
HC25,0.12132384,0.0,0.0,0.0,0.58615345,0.19724502,0.0,0.0,0.0,0.0,0.375,0.0,0.0,0.0,0.625,0.5,0.0,0.0,0.0,0.0,0.09399345154387559,HC
HC26,0.0,0.0,0.1722356,0.0,1.0186495,0.0,0.0,0.0,0.0,0.0,0.0,0.0,0.1,0.0,0.5,0.0,0.0,0.0,0.0,0.0,-0.03022584914610089,HC
HC27,0.0,0.0,0.0,0.0,0.74412584,0.13601342,0.0,0.0,0.0,0.0,0.0,0.0,0.0,0.0,0.35,0.05,0.0,0.0,0.0,0.0,0.041865897945520134,HC
HC28,0.0,0.0,0.0,0.0,0.0,0.0,0.0,0.0,0.0,0.0,0.0,0.0,0.0,0.0,0.0,0.0,0.0,0.0,0.0,0.0,-0.0931575757513061,HC
HC29,0.0,0.0,0.0,0.0,0.61009663,0.109871894,0.0,0.0,0.0,0.0,0.0,0.0,0.0,0.0,0.6363636363636364,0.2727272727272727,0.0,0.0,0.0,0.0,0.051917251277444135,HC
HC30,0.0,0.0,0.0,0.0,0.53343284,0.0,0.0,0.0,0.0,0.0,0.0,0.0,0.0,0.0,0.3,0.0,0.0,0.0,0.0,0.0,-0.04196442201986151,HC
HC31,0.044967845,0.0,0.0,0.0,0.38772964,0.10682199,0.0,0.0,0.0,0.0,0.09090909090909091,0.0,0.0,0.0,0.2727272727272727,0.18181818181818182,0.0,0.0,0.0,0.0,0.014242606599518924,HC
HC32,0.0,0.0,0.0,0.0,0.36812994,0.0,0.0,0.0,0.0,0.0,0.0,0.0,0.0,0.0,0.15384615384615385,0.0,0.0,0.0,0.0,0.0,-0.08272425358126172,HC
HC33,0.0,0.0,0.12856987,0.0,0.7656713,0.0,0.0,0.0,0.0,0.0,0.0,0.0,0.07692307692307693,0.0,0.38461538461538464,0.0,0.0,0.0,0.0,0.0,-0.0753662728240341,HC
HC34,0.0,0.0,0.0,0.0,0.7386835,0.0,0.0,0.0,0.0,0.0,0.0,0.0,0.0,0.0,0.4,0.0,0.0,0.0,0.0,0.0,-0.06128657699182331,HC
HC35,0.0,0.0,0.07659431,0.0,0.4935019,0.0,0.0,0.0,0.0,0.0,0.0,0.0,0.025,0.0,0.225,0.0,0.0,0.0,0.0,0.0,-0.04996717498808502,HC
HC36,0.0,0.0,0.0,0.0,0.37911454,0.0,0.0,0.0,0.0,0.0,0.0,0.0,0.0,0.0,0.19047619047619047,0.0,0.0,0.0,0.0,0.0,-0.05282736583845536,HC
HC37,0.0,0.0,0.050307862,0.03379892,0.15715547,0.0,0.04534656,0.051426124,0.0,0.0,0.0,0.0,0.018867924528301886,0.018867924528301886,0.05660377358490566,0.0,0.018867924528301886,0.018867924528301886,0.0,0.0,-0.028603077749424548,HC
HC38,0.0,0.0,0.0,0.050562054,0.21926007,0.0,0.0,0.0,0.0,0.0,0.0,0.0,0.0,0.014492753623188406,0.07246376811594203,0.0,0.0,0.0,0.0,0.0,-0.021238997180577784,HC
HC39,0.0,0.0,0.0,0.0,0.14787564,0.09492238,0.0,0.0,0.0,0.0,0.0,0.0,0.0,0.0,0.06060606060606061,0.030303030303030304,0.0,0.0,0.0,0.0,-0.06338456957459467,HC
HC40,0.0,0.0,0.07709733,0.0,0.5057429,0.0,0.0,0.0,0.0,0.0,0.0,0.0,0.038461538461538464,0.0,0.23076923076923078,0.0,0.0,0.0,0.0,0.0,-0.08374232708934473,HC
HC41,0.0,0.0,0.13309094,0.0,0.3207461,0.0,0.0,0.0,0.0,0.0,0.0,0.0,0.047619047619047616,0.0,0.11904761904761904,0.0,0.0,0.0,0.0,0.0,-0.038656513884163926,HC
HC42,0.0,0.0,0.0,0.0,0.45578095,0.0,0.059443545,0.0,0.0,0.0,0.0,0.0,0.0,0.0,0.1590909090909091,0.0,0.022727272727272728,0.0,0.0,0.0,-0.04224589978518114,HC
HC43,0.0,0.0,0.0,0.0,0.12873337,0.0,0.0,0.0,0.0,0.0,0.0,0.0,0.0,0.0,0.04225352112676056,0.0,0.0,0.0,0.0,0.0,-0.04362881285839138,HC
HC44,0.0,0.0,0.0,0.0,0.8143214,0.0,0.0,0.0,0.111751765,0.0,0.0,0.0,0.0,0.0,0.40540540540540543,0.0,0.0,0.0,0.05405405405405406,0.0,-0.06057081966146368,HC
HC45,0.0,0.0,0.0,0.0,0.18105954,0.0,0.0,0.0,0.0,0.0,0.0,0.0,0.0,0.0,0.04878048780487805,0.0,0.0,0.0,0.0,0.0,-0.022128516394630836,HC
HC46,0.0,0.0,0.054064836,0.0,0.39345482,0.0,0.0,0.0,0.0,0.0,0.0,0.0,0.024390243902439025,0.0,0.14634146341463414,0.0,0.0,0.0,0.0,0.0,-0.05279397067126241,HC
HC47,0.0,0.0,0.0,0.0,0.27442363,0.0,0.0,0.0,0.0,0.0,0.0,0.0,0.0,0.0,0.09375,0.0,0.0,0.0,0.0,0.0,-0.04440077418556153,HC
HC48,0.047579523,0.0,0.0,0.0,0.19005829,0.0,0.0,0.0,0.0,0.0,0.014285714285714285,0.0,0.0,0.0,0.05714285714285714,0.0,0.0,0.0,0.0,0.0,-0.028238415542006783,HC
HC49,0.0,0.0,0.030411454,0.0,0.5381549,0.0,0.0,0.0,0.0,0.0,0.0,0.0,0.016129032258064516,0.0,0.1935483870967742,0.0,0.0,0.0,0.0,0.0,-0.02985307801355809,HC
HC50,0.0,0.0,0.042247318,0.0,0.44134235,0.0522423,0.0,0.0,0.0,0.0,0.0,0.0,0.016666666666666666,0.0,0.18333333333333332,0.016666666666666666,0.0,0.0,0.0,0.0,-0.03668738692233546,HC
HC51,0.0,0.0,0.0,0.0,0.15921085,0.0,0.0,0.0,0.0,0.0,0.0,0.0,0.0,0.0,0.043478260869565216,0.0,0.0,0.0,0.0,0.0,-0.03390152643541539,HC
HC52,0.0,0.0,0.02896145,0.0,0.1628632,0.0,0.0,0.0,0.0,0.0,0.0,0.0,0.008695652173913044,0.0,0.05217391304347826,0.0,0.0,0.0,0.0,0.0,-0.03413717373142433,HC
HC53,0.01850332,0.0,0.0,0.027540352,0.58706874,0.0,0.01850332,0.0,0.0,0.0,0.01,0.0,0.0,0.01,0.23,0.0,0.01,0.0,0.0,0.0,-0.038881070260641575,HC
HC54,0.0,0.0,0.06148378,0.0,0.325367,0.0,0.0,0.0,0.0,0.0,0.0,0.0,0.02040816326530612,0.0,0.12244897959183673,0.0,0.0,0.0,0.0,0.0,-0.04820826954483398,HC
M01,0.5266097,0.0,0.08308969,0.02945924,0.7402894,0.0,0.0,0.0,0.0,0.0,0.21428571428571427,0.0,0.03571428571428571,0.03571428571428571,0.42857142857142855,0.0,0.0,0.0,0.0,0.0,-0.034856924524843604,MKPP
M02,0.24931519,0.0,0.38703385,0.0,0.4441061,0.0038191006,0.0,0.0,0.0,0.0,0.10309278350515463,0.0,0.14432989690721648,0.0,0.27835051546391754,0.010309278350515464,0.0,0.0,0.0,0.0,-0.008091910550532334,MKPP
M03,0.38358417,0.0,1.083386,0.0,0.67572755,0.017612131,0.0,0.0,0.0,0.0,0.17592592592592593,0.0,0.37962962962962965,0.0,0.3425925925925926,0.027777777777777776,0.0,0.0,0.0,0.0,0.04479524913882105,MKPP
M04,0.5093044,0.0,0.95713687,0.0,0.7685675,0.04362311,0.0,0.0044141836,0.0,0.0,0.22330097087378642,0.0,0.34951456310679613,0.0,0.36893203883495146,0.038834951456310676,0.0,0.009708737864077669,0.0,0.0,0.028633063084392937,MKPP
M05,0.42629352,0.009216038,0.0,0.040928368,0.80522513,0.07995689,0.0,0.0,0.0,0.0,0.28,0.013333333333333334,0.0,0.013333333333333334,0.5066666666666667,0.08,0.0,0.0,0.0,0.0,0.023910237315378252,MKPP
M06,0.37198567,0.006292582,0.1758443,0.014721154,0.7247053,0.03022145,0.0,0.0,0.0,0.008673806,0.20689655172413793,0.017241379310344827,0.06896551724137931,0.017241379310344827,0.43103448275862066,0.017241379310344827,0.0,0.0,0.0,0.017241379310344827,-0.005015682269026907,MKPP
M07,0.7447756,0.0,0.67768884,0.0034042066,0.88826406,0.03238691,0.021570733,0.0,0.0,0.0,0.4268292682926829,0.0,0.34146341463414637,0.012195121951219513,0.5853658536585366,0.036585365853658534,0.012195121951219513,0.0,0.0,0.0,0.0366264263627951,MKPP
M08,0.9431895,0.0,1.004472,0.019974137,0.91783977,0.02938402,0.0,0.0,0.00056748535,0.0,0.4377431906614786,0.0,0.44163424124513617,0.011673151750972763,0.5038910505836576,0.019455252918287938,0.0,0.0,0.0019455252918287938,0.0,0.04904125037832353,MKPP
M09,0.18980888,0.0,0.1745242,0.0,0.64674765,0.068573296,0.0,0.0,0.0,0.0,0.1282051282051282,0.0,0.07692307692307693,0.0,0.4358974358974359,0.07692307692307693,0.0,0.0,0.0,0.0,0.012338733802143727,MKPP
M10,0.9875019,0.0045133578,0.9859967,0.0063513154,0.9379504,0.010742359,0.0077357176,0.0034998364,0.0,0.0,0.42292490118577075,0.003952569169960474,0.41106719367588934,0.003952569169960474,0.4505928853754941,0.007905138339920948,0.003952569169960474,0.003952569169960474,0.0,0.0,0.06606654871756087,MKPP
M11,0.43806252,0.0,0.2913484,0.02205651,0.7340817,0.02227535,0.03380993,0.0,0.0,0.007877654,0.18796992481203006,0.0,0.11278195488721804,0.007518796992481203,0.3383458646616541,0.007518796992481203,0.022556390977443608,0.0,0.0,0.007518796992481203,0.06575176340926517,MKPP
M12,0.93583614,0.0032110214,1.1354815,0.006340746,1.0583935,0.034933355,0.0020251353,0.0041539916,0.0022028885,0.0026161955,0.42957198443579764,0.0023346303501945525,0.46459143968871597,0.0031128404669260703,0.5198443579766537,0.022568093385214007,0.0023346303501945525,0.0031128404669260703,0.0023346303501945525,0.0023346303501945525,0.08814449281968971,MKPP
M13,0.4157959,0.0,0.094393626,0.027829066,1.019319,0.13249332,0.032569498,0.0,0.0,0.0,0.16,0.0,0.04,0.013333333333333334,0.4266666666666667,0.05333333333333334,0.013333333333333334,0.0,0.0,0.0,0.10881184531029642,MKPP
M14,1.0436782,0.0020824636,1.1602051,0.043618586,0.91762036,0.0038607293,0.0037608105,0.0,0.0,0.0,0.4495726495726496,0.0017094017094017094,0.4735042735042735,0.020512820512820513,0.4170940170940171,0.0017094017094017094,0.0017094017094017094,0.0,0.0,0.0,0.0850302411646521,MKPP
M15,0.6127673,0.013148829,0.39487293,0.004770884,0.5123117,0.027688773,0.0,0.0,0.004476079,0.0,0.24766355140186916,0.004672897196261682,0.16822429906542055,0.004672897196261682,0.2616822429906542,0.014018691588785047,0.0,0.0,0.004672897196261682,0.0,0.0036598449785543935,MKPP
M16,0.89492637,0.0,1.1375966,0.018535323,0.91157544,0.12389559,0.0035784943,0.0031436754,0.0,0.0,0.5370370370370371,0.0,0.5092592592592593,0.018518518518518517,0.5462962962962963,0.1574074074074074,0.009259259259259259,0.009259259259259259,0.0,0.0,0.09756749657635437,MKPP
M17,0.7743755,0.0,1.6211871,0.01691135,0.90155476,0.06614811,0.0,0.0,0.0,0.0,0.45893719806763283,0.0,0.7246376811594203,0.014492753623188406,0.5314009661835749,0.057971014492753624,0.0,0.0,0.0,0.0,0.13260727943502387,MKPP
M18,0.27822685,0.032918174,0.028957808,0.0,0.68843913,0.109905705,0.0,0.0,0.0,0.044641033,0.26666666666666666,0.03333333333333333,0.03333333333333333,0.0,0.5333333333333333,0.16666666666666666,0.0,0.0,0.0,0.03333333333333333,0.037477365226456616,MKPP
M19,0.0,0.0,0.018307123,0.0,0.6354741,0.0,0.0,0.02970948,0.0,0.0,0.0,0.0,0.030303030303030304,0.0,0.6060606060606061,0.0,0.0,0.030303030303030304,0.0,0.0,-0.07003526704918744,MKPP
M20,0.021396106,0.021396106,0.0,0.0,0.76931185,0.06563083,0.0,0.0,0.0,0.0791614,0.041666666666666664,0.041666666666666664,0.0,0.0,0.4166666666666667,0.041666666666666664,0.0,0.0,0.0,0.041666666666666664,-0.06092589644434884,MKPP
M21,0.6068784,0.0,0.06826346,0.0,1.0370766,0.26101172,0.0,0.0,0.0,0.05213591,0.4897959183673469,0.0,0.04081632653061224,0.0,0.7346938775510204,0.30612244897959184,0.0,0.0,0.0,0.10204081632653061,0.12794553372365963,MKPP
M22,0.3321327,0.029627794,0.012191622,0.0,0.96545255,0.12673607,0.026360815,0.0,0.0,0.018526757,0.3793103448275862,0.034482758620689655,0.034482758620689655,0.0,0.7586206896551724,0.2413793103448276,0.034482758620689655,0.0,0.0,0.034482758620689655,0.02468748750674485,MKPP
M23,0.10346177,0.0,0.16679661,0.0,0.54130286,0.05240746,0.0,0.0,0.0,0.0,0.05673758865248227,0.0,0.07801418439716312,0.0,0.2907801418439716,0.03546099290780142,0.0,0.0,0.0,0.0,0.0704332872867131,MKPP
S01,0.5954199,0.0,0.5059373,0.0,0.60562724,0.04680729,0.0048957234,0.0,0.0,0.0,0.2465753424657534,0.0,0.1643835616438356,0.0,0.3013698630136986,0.0273972602739726,0.0136986301369863,0.0,0.0,0.0,0.031076471868275838,SKPP
S02,1.516059,0.0,1.574645,0.015200162,1.2018958,0.016676053,0.010664801,0.001986191,0.0038802435,0.0,0.715927750410509,0.0,0.6945812807881774,0.009852216748768473,0.625615763546798,0.011494252873563218,0.006568144499178982,0.0016420361247947454,0.003284072249589491,0.0,0.12932665688828898,SKPP
S03,0.76677,0.0,0.8412484,0.008277967,0.76622784,0.045735724,0.015557152,0.0013285347,0.0041781883,0.0051335315,0.43172690763052207,0.0,0.43172690763052207,0.008032128514056224,0.46586345381526106,0.03413654618473896,0.006024096385542169,0.002008032128514056,0.004016064257028112,0.002008032128514056,0.06330448924151562,SKPP
S04,1.221111,0.0005609185,1.4209291,0.017944336,1.1376108,0.04446777,0.004378015,0.0005511218,0.0020220857,0.00044121136,0.6190476190476191,0.0011474469305794606,0.6833046471600689,0.013195639701663799,0.6190476190476191,0.03098106712564544,0.004589787722317842,0.0017211703958691911,0.002868617326448652,0.0005737234652897303,0.09818120798565359,SKPP
S05,1.0163199,0.0,0.7889193,0.029275857,0.9349134,0.10057878,0.019810406,0.0,0.0,0.0,0.4855769230769231,0.0,0.36538461538461536,0.014423076923076924,0.4567307692307692,0.0673076923076923,0.009615384615384616,0.0,0.0,0.0,0.09116906997699922,SKPP
S06,0.4203545,0.0,0.115104645,0.0,1.1074431,0.004602129,0.042582218,0.0,0.0,0.0,0.208955223880597,0.0,0.04477611940298507,0.0,0.5074626865671642,0.014925373134328358,0.014925373134328358,0.0,0.0,0.0,0.08023686415699585,SKPP
S07,0.8721471,0.00045995333,1.1605707,0.02089747,1.0013628,0.03064996,0.0012264618,0.0,0.0014611784,0.0,0.3847360167276529,0.0005227391531625719,0.47987454260324097,0.01150026136957658,0.4354417145844224,0.01620491374803973,0.0010454783063251437,0.0,0.0010454783063251437,0.0,0.1007236546522763,SKPP
S08,1.277782,0.0022301194,0.7433203,0.0044338075,0.87352437,0.08643679,0.0073289843,0.0022933336,0.0013629829,0.0011149627,0.6655251141552512,0.00228310502283105,0.4063926940639269,0.001141552511415525,0.5388127853881278,0.09474885844748858,0.0045662100456621,0.00228310502283105,0.00228310502283105,0.00228310502283105,0.09469070994957703,SKPP
S09,1.3305424,0.0006136742,1.2203747,0.042067997,1.0912446,0.04209467,0.0014198421,0.002535035,0.0014146349,0.0014102566,0.6876430205949656,0.0007627765064836003,0.6243325705568269,0.031273836765827616,0.6128909229595728,0.03546910755148741,0.0011441647597254005,0.002288329519450801,0.0011441647597254005,0.002288329519450801,0.12052559937893775,SKPP
S10,0.3477583,0.008130322,0.21536216,0.12278725,0.6432036,0.03917379,0.022045672,0.0025199202,0.0037867508,0.0,0.1978021978021978,0.003663003663003663,0.11355311355311355,0.054945054945054944,0.358974358974359,0.029304029304029304,0.01098901098901099,0.003663003663003663,0.007326007326007326,0.0,0.05857337461623162,SKPP
S11,0.23901546,0.0,0.32905042,0.010200007,1.0028347,0.16522485,0.0,0.0,0.0,0.0,0.14,0.0,0.16,0.02,0.54,0.16,0.0,0.0,0.0,0.0,0.02927583400604354,SKPP
S12,0.6961363,0.0020645945,0.77033716,0.007891086,0.7160682,0.06803782,0.0042417063,0.0,0.0,0.0,0.31802721088435376,0.0017006802721088435,0.3197278911564626,0.00510204081632653,0.33843537414965985,0.05102040816326531,0.0017006802721088435,0.0,0.0,0.0,0.08821305602612585,SKPP
S13,0.9336098,0.0023789909,1.6433533,0.019408653,1.0666376,0.0725865,0.00017319637,0.0022789964,0.0017157096,0.0014334343,0.4780439121756487,0.001996007984031936,0.6936127744510978,0.012974051896207584,0.5513972055888223,0.04940119760479042,0.000499001996007984,0.0014970059880239522,0.00249500998003992,0.000998003992015968,0.11053969884320983,SKPP
S14,1.1073362,0.0055786143,1.2895374,0.04339525,0.99569273,0.030686624,0.004436557,0.002471176,0.0018930415,0.000549396,0.5347063310450039,0.0030511060259344014,0.5842868039664378,0.02822273073989321,0.5278413424866514,0.019832189168573607,0.0030511060259344014,0.0015255530129672007,0.002288329519450801,0.0007627765064836003,0.08328282476390184,SKPP
S15,0.33470497,0.0,0.110641174,0.0,0.8384681,0.1736081,0.0,0.0,0.0,0.0,0.21,0.0,0.06,0.0,0.5,0.16,0.0,0.0,0.0,0.0,0.06598659476899588,SKPP
S16,0.21719757,0.0,0.13848495,0.036289807,0.56457573,0.104355276,0.0,0.0,0.04717475,0.0,0.16981132075471697,0.0,0.05660377358490566,0.018867924528301886,0.49056603773584906,0.11320754716981132,0.0,0.0,0.018867924528301886,0.0,0.029814001380917252,SKPP
S17,0.49569607,0.0,0.0658376,0.0,0.97389776,0.16392313,0.05952982,0.0,0.0,0.0,0.3225806451612903,0.0,0.03225806451612903,0.0,0.6129032258064516,0.11290322580645161,0.03225806451612903,0.0,0.0,0.0,0.06340020713959497,SKPP
S18,0.5751327,0.0074602,0.30721897,0.0,0.68533814,0.1706619,0.010467034,0.0,0.0,0.009012309,0.39705882352941174,0.0058823529411764705,0.22941176470588234,0.0,0.5029411764705882,0.1676470588235294,0.011764705882352941,0.0,0.0,0.008823529411764706,0.06612730623490898,SKPP
S19,0.22197214,0.0,0.0,0.0,0.31788343,0.0,0.0,0.0,0.03772726,0.0,0.07142857142857142,0.0,0.0,0.0,0.14285714285714285,0.0,0.0,0.0,0.07142857142857142,0.0,-0.055124898058397764,SKPP
S20,0.025048476,0.0,0.025048476,0.0,0.8271523,0.07371905,0.0,0.0,0.0,0.0,0.05263157894736842,0.0,0.05263157894736842,0.0,0.47368421052631576,0.10526315789473684,0.0,0.0,0.0,0.0,-0.021831890029267623,SKPP
S21,0.0,0.0,0.020629253,0.0,0.5089802,0.021548249,0.01932795,0.0,0.04176113,0.0,0.0,0.0,0.0078125,0.0,0.21875,0.0078125,0.0078125,0.0,0.015625,0.0,-0.0508699168215071,SKPP
S22,0.3295062,0.0,0.027354537,0.0,0.81814295,0.30165398,0.038339816,0.02214981,0.0,0.007971066,0.4,0.0,0.04,0.0,0.7,0.38,0.02,0.02,0.0,0.02,0.0533897455908668,SKPP
S23,0.3380992,0.04054976,0.0,0.0,0.79065436,0.22123027,0.008999283,0.0,0.008282541,0.0,0.33962264150943394,0.03773584905660377,0.0,0.0,0.6415094339622641,0.24528301886792453,0.018867924528301886,0.0,0.018867924528301886,0.0,0.05154060794540757,SKPP
