names,scores,logfoldchanges,pvals,pvals_adj
RBFOX2,133.95145,4.61982,0.0,0.0
CD81,133.94334,3.0541253,0.0,0.0
APOO,125.45553,4.97866,0.0,0.0
EEF1G,123.6343,2.2628431,0.0,0.0
KLF2,122.870575,2.424063,0.0,0.0
IL2RG,114.60173,2.2569704,0.0,0.0
NDUFB8,114.10972,2.749025,0.0,0.0
ATP5PO,107.1447,2.6824474,0.0,0.0
EIF4A1,97.23639,2.0454369,0.0,0.0
ABHD17A,97.135124,2.0802557,0.0,0.0
NDUFC2,96.94992,2.3577244,0.0,0.0
IRF9,96.70769,2.8623772,0.0,0.0
TAF10,96.151596,2.500096,0.0,0.0
NDUFA13,95.846695,2.011158,0.0,0.0
CSNK2B,94.79967,2.3482783,0.0,0.0
HLA-DRB1,94.49532,2.0180933,0.0,0.0
MZT2B,94.30873,2.0262878,0.0,0.0
GNAI2,90.66151,1.8270117,0.0,0.0
ARPC4,89.19099,1.9970616,0.0,0.0
SLC35F1,89.02907,4.1596,0.0,0.0
KLRK1,88.02781,1.9249328,0.0,0.0
ARPC1B,86.36543,1.5909437,0.0,0.0
FKBP5,85.5095,2.082086,0.0,0.0
JUND,85.22573,1.7192922,0.0,0.0
STAT1,83.19235,1.8940433,0.0,0.0
NDUFA11,82.2446,1.8383428,0.0,0.0
U2AF1,82.15412,2.9129622,0.0,0.0
GNAS,81.73673,1.5569227,0.0,0.0
MAP2K2,81.34438,2.238337,0.0,0.0
GIMAP5,81.01434,2.3634028,0.0,0.0
CTSD,80.191795,2.1513927,0.0,0.0
TMBIM4,79.33532,1.8683252,0.0,0.0
LINC00987,79.104126,3.7636175,0.0,0.0
SMAP2,78.146126,1.7314912,0.0,0.0
SSBP4,76.657585,1.7323772,0.0,0.0
URI1,76.30492,1.8054174,0.0,0.0
NDUFA7,75.708496,2.4948382,0.0,0.0
TNFSF12,75.41767,2.6280324,0.0,0.0
SYTL3,75.360146,1.5084565,0.0,0.0
SRSF9,75.01126,1.7230197,0.0,0.0
TXNL4A,74.47337,1.9491541,0.0,0.0
ALYREF,73.93911,2.7145367,0.0,0.0
UBALD2,73.69937,1.8906385,0.0,0.0
HLA-DQA1,73.405754,2.1235087,0.0,0.0
PSMA2,73.10195,2.0156834,0.0,0.0
OOEP,72.77719,2.0643003,0.0,0.0
COMMD7,72.76974,2.3041987,0.0,0.0
TAP2,72.718956,2.1332192,0.0,0.0
UBE2M,72.16713,2.4629166,0.0,0.0
TRAPPC10,72.02294,1.7707472,0.0,0.0
RPS10,71.79811,1.7212574,0.0,0.0
ARL6IP1,71.7355,1.5892807,0.0,0.0
STEAP1B,71.45001,2.9594896,0.0,0.0
BRI3,70.55971,2.1989996,0.0,0.0
S1PR4,70.31617,1.8215137,0.0,0.0
CUL3,69.59604,1.5887876,0.0,0.0
CHMP4A,69.59445,1.8640683,0.0,0.0
S100A9,69.39732,2.017029,0.0,0.0
PLEKHA7,69.34146,2.7686815,0.0,0.0
RORA-AS1,68.74752,2.2259085,0.0,0.0
IMP3,68.7048,1.9426028,0.0,0.0
YPEL3,68.11276,1.5096871,0.0,0.0
ATXN7,68.04659,2.0348675,0.0,0.0
KLF13,67.7569,1.5760114,0.0,0.0
CRYBG1,67.25171,1.5605019,0.0,0.0
CEBPB,67.12188,1.7181549,0.0,0.0
BCL7C,66.68958,1.7706378,0.0,0.0
SRM,66.460106,2.2813878,0.0,0.0
GLRX5,66.39176,2.3009121,0.0,0.0
CDV3,66.06146,1.6034651,0.0,0.0
CPB2-AS1,66.04154,2.8501596,0.0,0.0
MBD2,65.31986,1.7708956,0.0,0.0
BRD7,65.0295,1.6115885,0.0,0.0
STK24,64.961395,1.8493246,0.0,0.0
FOXO1,64.19442,1.6571994,0.0,0.0
LINC00513,63.979973,2.032822,0.0,0.0
CCNY,63.88408,1.642241,0.0,0.0
A2M,63.849483,1.7214848,0.0,0.0
HNRNPUL2,63.467228,2.123532,0.0,0.0
PPP1R14B,63.412327,2.801381,0.0,0.0
GPS2,63.405613,1.5921035,0.0,0.0
TMEM238,63.30128,3.0852368,0.0,0.0
GLCCI1,63.133343,1.5086044,0.0,0.0
METRNL,63.095276,1.8726367,0.0,0.0
PMF1,63.07369,2.2465878,0.0,0.0
HLA-DRA,62.684013,1.5060929,0.0,0.0
PZP,62.332256,1.5317553,0.0,0.0
HEBP2,62.02615,1.9918933,0.0,0.0
ZFPM1,61.265335,2.2174187,0.0,0.0
AUTS2,61.188618,1.5258569,0.0,0.0
NCK2,61.059635,1.5907911,0.0,0.0
RPS10-NUDT3,60.79002,3.9724407,0.0,0.0
MALT1,60.566257,1.6349168,0.0,0.0
SDHAF2,60.52008,1.945637,0.0,0.0
PARL,59.58708,2.242269,0.0,0.0
CNPY2,59.49869,1.7470418,0.0,0.0
USP9Y,59.33585,1.7482656,0.0,0.0
SOCS1,59.24838,2.340105,0.0,0.0
TG,58.92594,3.5235393,0.0,0.0
TXNRD1,58.75349,1.6142423,0.0,0.0
VKORC1,58.473495,2.1972365,0.0,0.0
CASK,58.024143,1.531207,0.0,0.0
SYNC,57.96669,3.0464973,0.0,0.0
TSR3,57.701565,2.104097,0.0,0.0
ABHD14A,57.630676,2.4331973,0.0,0.0
UBE2R2,57.45169,1.5866191,0.0,0.0
SLC2A4RG,57.059074,1.634567,0.0,0.0
RNF169,56.97693,1.7200383,0.0,0.0
KIZ-AS1,56.617752,2.2604792,0.0,0.0
MXD4,56.582085,1.6115897,0.0,0.0
ACAA2,56.53734,1.592424,0.0,0.0
S100A8,56.362186,1.7467276,0.0,0.0
FAM89B,56.213432,1.882974,0.0,0.0
C17orf49,55.941925,1.6688665,0.0,0.0
PALD1,55.58864,9.0695915,0.0,0.0
SNF8,54.86054,1.6646166,0.0,0.0
TSNAX,53.7964,1.8244516,0.0,0.0
RAB4B,53.48049,1.8411562,0.0,0.0
NENF,53.418594,1.7036246,0.0,0.0
MAP2K4,52.97215,1.5243828,0.0,0.0
CHKB,52.88085,1.6371123,0.0,0.0
COMMD3,52.770706,1.8131266,0.0,0.0
NSMCE3,52.333687,1.5210838,0.0,0.0
UBE2Q1,52.214813,1.7749969,0.0,0.0
ARPC1A,51.65355,1.8248898,0.0,0.0
DUS1L,51.336143,1.6316721,0.0,0.0
PPP1R35,51.19361,1.5351444,0.0,0.0
MFSD6,50.777424,1.5082654,0.0,0.0
ACBD3,50.71918,1.6036043,0.0,0.0
IFI30,50.124294,3.4973845,0.0,0.0
RRP36,49.54087,1.7526364,0.0,0.0
KLRC4,49.427174,2.0280983,0.0,0.0
PYCR2,49.369904,1.7719747,0.0,0.0
IGKC,49.240753,2.0004437,0.0,0.0
METRN,49.08714,2.6950922,0.0,0.0
VEGFB,48.79236,2.2527468,0.0,0.0
ZFP91,48.43576,1.7913541,0.0,0.0
OTULIN,48.394405,1.8829961,0.0,0.0
ABCF2,48.333614,3.173191,0.0,0.0
MXRA7,47.984253,1.9199572,0.0,0.0
UBE2S,47.751625,1.6110269,0.0,0.0
USP3-AS1,47.71538,1.8597736,0.0,0.0
PGP,47.643208,1.7890126,0.0,0.0
ARL8A,47.52337,1.6776208,0.0,0.0
CLPTM1L,47.235527,1.626066,0.0,0.0
ANK2,47.149803,7.185341,0.0,0.0
THAP11,46.61367,1.5066588,0.0,0.0
MIR497HG,46.51487,6.1616297,0.0,0.0
PVRIG,46.37377,2.0903819,0.0,0.0
OSBP,46.22952,1.583565,0.0,0.0
SLC35D2,46.077805,2.675722,0.0,0.0
MAPK9,45.751812,1.7573514,0.0,0.0
CELF2-AS1,45.695435,5.0075493,0.0,0.0
ZXDC,45.487274,1.5291235,0.0,0.0
MOSMO,45.112038,1.5468323,0.0,0.0
DNLZ,45.088993,2.7476797,0.0,0.0
EEF1E1,44.853035,1.7132165,0.0,0.0
SAP30,44.706257,2.232367,0.0,0.0
ANKUB1,44.62543,2.0400515,0.0,0.0
PPAN,44.624565,2.2977521,0.0,0.0
MRPL12,44.5022,2.293544,0.0,0.0
ZBED4,44.192177,1.5378376,0.0,0.0
BAIAP2L1,43.913662,3.362264,0.0,0.0
HIGD1A,43.65186,1.543698,0.0,0.0
CCDC92,43.511436,1.6105527,0.0,0.0
GSK3A,43.430984,1.7745719,0.0,0.0
FAM66A,43.36059,5.7365165,0.0,0.0
SH3GLB2,43.174088,1.913291,0.0,0.0
TMEM203,43.095688,1.7104772,0.0,0.0
ECI1,43.018738,2.0575898,0.0,0.0
CEBPD,42.9854,1.9285825,0.0,0.0
RBM15B,42.712368,1.6316094,0.0,0.0
TPGS1,42.59735,1.5658368,0.0,0.0
YRDC,42.281258,2.3048573,0.0,0.0
ELL2,42.22665,1.6139344,0.0,0.0
CHN2,42.210255,2.6263957,0.0,0.0
NME1,42.124683,1.946061,0.0,0.0
PDCD7,42.091232,1.5164734,0.0,0.0
KIAA2013,41.783516,1.7168895,0.0,0.0
CDC34,41.499603,1.8350749,0.0,0.0
EMG1,41.4976,1.5342237,0.0,0.0
CNNM3-DT,41.18461,4.9979672,0.0,0.0
LINC00278,41.176716,1.569701,0.0,0.0
BTBD6,41.040897,2.0147202,0.0,0.0
DEXI,40.978294,2.412422,0.0,0.0
SAP30L,40.86238,1.8185935,0.0,0.0
HOOK2,40.64646,1.6339784,0.0,0.0
INKA2,40.39868,2.8996046,0.0,0.0
PHC2,40.221462,1.7581466,0.0,0.0
PITPNA,40.04918,1.5579098,0.0,0.0
CD38,39.39198,2.128337,0.0,0.0
FRAT2,39.16575,2.450697,0.0,0.0
LDB1,38.918056,2.0848632,0.0,0.0
CARD9,38.61842,4.485021,0.0,0.0
TPRG1L,38.53433,1.5178821,0.0,0.0
LFNG,38.492863,1.9164014,0.0,0.0
BEST1,38.468906,3.4761195,0.0,0.0
CENPB,38.091812,1.522881,0.0,0.0
C11orf68,37.920868,2.1133177,0.0,0.0
EID2,37.849857,2.0128357,0.0,0.0
MGAT4B,37.773235,1.7704532,0.0,0.0
ABHD15-AS1,37.701145,1.6644119,0.0,0.0
KDM4A,37.600883,1.698816,2.07934456513181e-309,4.1689154150101675e-308
SV2C,37.544765,5.375653,1.7150215870420615e-308,3.4174686777229188e-307
SLAIN1,37.48855,1.7945678,1.415384600348348e-307,2.8089498843424415e-306
FXN,36.883553,1.5611545,8.480783296900466e-298,1.6096214117725347e-296
SNX15,36.711246,2.1852965,4.831779670414698e-295,9.047680822074145e-294
SMARCD2,36.709282,1.5675298,5.193204310493499e-295,9.70588557284974e-294
CCNQ,36.346115,1.6900569,3.0267277229170336e-289,5.519758441942265e-288
CTSZ,36.25905,1.9580784,7.156428486697843e-288,1.2966388206268833e-286
BCL3,36.039295,1.6346626,2.029205539183297e-284,3.593438370202602e-283
FBXL14,35.949272,1.7312086,5.195606886446933e-283,9.134558450493583e-282
SLC39A3,35.712166,1.7824476,2.5593492743267217e-279,4.431977575223477e-278
LINC02320,35.226265,2.0798242,7.924150398025885e-272,1.333274075568104e-270
PARD6G,35.06488,2.8207288,2.3133946829179808e-269,3.8363141657066993e-268
TMED7,35.018173,1.5395224,1.1901699120870779e-268,1.9686597497649993e-267
CDK2AP1,35.015896,2.3912914,1.289079758616604e-268,2.1286677397982872e-267
DPYD-AS1,34.89936,1.7895774,7.602164600737639e-267,1.2406935521871068e-265
CCDC85C,34.699787,2.4707234,7.936410181424772e-264,1.281350449093399e-262
GAREM1,34.650555,3.5691283,4.382153711177189e-263,7.051807879960135e-262
BORCS8,34.5917,1.8634393,3.3672996932931265e-262,5.3744959541892255e-261
MRGBP,34.423664,1.9674656,1.1161281259896887e-259,1.7613221910779218e-258
ENTR1,34.297813,1.7555379,8.458789301362012e-258,1.3231142210156025e-256
B3GALT6,34.204403,2.2581468,2.07959054838169e-256,3.2270759596140296e-255
LRRC37A3,34.150566,1.6743516,1.3115755552549034e-255,2.0208590917502325e-254
AP4B1-AS1,34.01504,3.3592083,1.3351653125538154e-253,2.036361249887222e-252
LINC01801,33.710487,2.9060757,4.057906182582655e-249,6.0200991797405146e-248
HRAS,33.485546,1.937609,7.824797661805357e-246,1.1443620377145532e-244
NFIL3,33.438896,1.6523503,3.732412898976022e-245,5.4545075136043913e-244
BOLA2,33.322205,1.5266593,1.8415273835749713e-243,2.665311230902e-242
HABP4,33.155876,1.5275902,4.6599724815974324e-241,6.685215653951506e-240
SNRK-AS1,33.01937,5.4995327,4.283000433780855e-239,6.077574509660898e-238
FRAT1,32.92254,1.9487622,1.0461109540638679e-237,1.4737436392456277e-236
S100A12,32.662025,2.1743832,5.40889553796332e-234,7.453610414568045e-233
ZNF451-AS1,32.554287,2.049904,1.8208721625498545e-232,2.4847159328295366e-231
LINC02580,32.486145,2.3883343,1.6732396202622453e-231,2.2705931268579487e-230
CCDC71L,32.46225,1.8654846,3.638147462056996e-231,4.919921875434091e-230
CNBD2,32.221233,1.7582384,8.899838193534233e-228,1.1798918277173297e-226
AVEN,32.213333,1.6354727,1.1483350564852388e-227,1.5203396742424325e-226
CTU1,32.21222,2.095031,1.1903429800672283e-227,1.5727637700172534e-226
SP2-AS1,32.208363,2.9857233,1.3477928686431575e-227,1.7783958768448622e-226
ARMC9,32.151443,2.6116207,8.431053769000813e-227,1.1050158081165968e-225
IGLC2,32.024567,2.2844431,4.9626178710164836e-225,6.45239245847512e-224
MTCP1,31.980053,3.2172754,2.0652732669741468e-224,2.6728351381051658e-223
INO80B,31.503422,2.038383,7.797853215435704e-218,9.694306970752594e-217
ZNF565,31.43727,1.5455906,6.266646262714678e-217,7.707462857875601e-216
NPIPB13,30.397497,2.71938,5.927652093997047e-203,6.647122989990499e-202
SYNM,30.318052,1.7929573,6.628681502075225e-202,7.361523248161634e-201
FBXL6,30.244648,1.6145284,6.1352932787413284e-201,6.75987718909968e-200
OPRM1,30.05455,2.3324053,1.9039373723032773e-198,2.0720937987336223e-197
LSM14B,29.89939,1.7083113,2.0041374714132726e-196,2.1512321470441536e-195
TNFSF4,29.727314,3.94162,3.407309247202431e-194,3.6118216332208656e-193
ZC3H12B,29.642817,2.9109373,4.1974932980684994e-193,4.3970315233728265e-192
P2RX5,29.625902,2.334406,6.933266142731209e-193,7.255088335880443e-192
AIM2,29.473883,2.0888681,6.224274379066425e-191,6.430654754465248e-190
PXN-AS1,29.145483,1.9900572,9.530836501949928e-187,9.554272985151445e-186
LINC01964,28.821825,9.586398,1.1429074625930524e-182,1.1154320811980474e-181
COG8,28.736607,1.8434592,1.3316912312422876e-181,1.2887504457442671e-180
TXNDC5,28.692331,2.3018708,4.755649377226915e-181,4.572901573148711e-180
ACOT7,28.647146,1.5144436,1.739823210149599e-180,1.6647853582497486e-179
RRAS,28.565582,1.9627863,1.799100866321848e-179,1.7056591934198602e-178
ENDOG,28.311354,1.7539024,2.5049773865423756e-176,2.3319408896223218e-175
ZMYND19,28.248287,2.1789365,1.4939861001607148e-175,1.384200757951935e-174
THSD4-AS1,28.149027,3.8161376,2.462963280076926e-174,2.25527681163057e-173
TET2-AS1,28.141233,4.7194557,3.0679393276877804e-174,2.8079250123570852e-173
LINC00881,28.08404,4.804431,1.5346897141493242e-173,1.397431750882921e-172
PIK3R2,28.038855,2.1751592,5.462340109445912e-173,4.955357962987371e-172
RFNG,27.983727,1.6018654,2.5637118401314063e-172,2.3128959560945765e-171
IRF4,27.952997,1.7164642,6.061932486753092e-172,5.456296913559545e-171
CCDC102A,27.773972,1.5857016,8.94906412107958e-170,7.963405489826521e-169
FILIP1L,27.77154,1.647253,9.574933978078676e-170,8.512599185962904e-169
SERPINB9P1,27.684956,1.9584786,1.0596605385983126e-168,9.361371295391324e-168
SPAG6,27.5922,2.0993514,1.3803482786416737e-167,1.2096128578799943e-166
RGPD8,27.506578,1.6085151,1.464746360055414e-166,1.2767107694238013e-165
MPND,27.494389,2.0648952,2.0489239354011664e-166,1.7811347653456252e-165
NAGLU,27.354912,1.646115,9.439475979261853e-165,8.0872007864359e-164
SPINDOC,27.110645,2.0570722,7.375453169361004e-162,6.18349904104782e-161
C11orf65,27.11062,1.6767601,7.380391622034164e-162,6.184989432974926e-161
HLA-G,27.033314,2.8686676,6.001127947662734e-161,4.997024326802739e-160
STIMATE,27.03072,1.843947,6.4376384399701944e-161,5.3559400082201e-160
DIABLO,27.008562,3.0946798,1.1724241741784065e-160,9.737689405909618e-160
ZNF852,26.849321,1.506173,8.589930448540985e-159,7.059544687822343e-158
PINK1,26.818882,1.6700922,1.946351716348604e-158,1.5955680932345826e-157
ATP1A3,26.702951,1.9002854,4.349731505301761e-157,3.522994457605333e-156
SLCO5A1,26.632431,5.667365,2.859773365256924e-156,2.3009887011244857e-155
TRAV39,26.628962,3.1997755,3.137035090159304e-156,2.5230375110660606e-155
GML,26.599472,2.283388,6.884125394195177e-156,5.5253718504352426e-155
LRRC8B,26.504208,1.535056,8.668118914386333e-155,6.883837293697718e-154
SAP30L-AS1,26.480663,1.8278953,1.6188251011844913e-154,1.2835157852503294e-153
LINC02245,26.473848,1.8729979,1.9394509003105855e-154,1.5364848266104268e-153
CD302,26.352966,1.6768451,4.745939671181701e-153,3.7281632872614818e-152
ZNF777,26.19819,1.5827872,2.786609823823097e-151,2.1621086848759065e-150
ADCY3,25.964636,2.0034182,1.2429053592733985e-148,9.43412415448482e-148
CTLA4,25.62738,1.6052693,7.55773272171959e-145,5.549332604075382e-144
RASAL2,25.328783,3.8127847,1.539694137153095e-141,1.1052360556057137e-140
CTBP1-AS,25.324665,3.410096,1.70925743030514e-141,1.2265034615405565e-140
SLC1A5,25.281929,1.5751153,5.0485064259068454e-141,3.614678878234363e-140
EP300-AS1,25.10244,4.961157,4.677447252005681e-139,3.295941225323989e-138
G2E3-AS1,24.944572,3.183268,2.445517318119467e-137,1.703591416196573e-136
CIDEB,24.788803,1.5904219,1.1838875680673009e-135,8.142816144794708e-135
TMLHE-AS1,24.639683,2.9422052,4.747639651720922e-134,3.2403841194584934e-133
CNNM4,24.537584,1.5120572,5.868789073139132e-133,3.981985595810907e-132
CENPM,24.404945,1.5977502,1.5154651156414772e-131,1.0215164100197186e-130
SNTA1,24.313545,1.7112027,1.4096125789018608e-130,9.423744087445033e-130
MSRB2,24.214745,1.6267496,1.555984107976449e-129,1.0321185432163781e-128
C8orf82,24.097443,1.6025767,2.6588924847333917e-128,1.7488809459248072e-127
GCC2-AS1,23.930504,2.5709252,1.4747919680393791e-126,9.609966443754435e-126
TUT1,23.646954,1.6114159,1.2686337195949754e-123,8.0941064965877e-123
PDE3A,23.632294,5.4060254,1.795214164953808e-123,1.1427700318743043e-122
DEFA3,23.624994,1.9797171,2.1338158299352606e-123,1.35654672385228e-122
EVA1B,23.60587,2.0173914,3.3547135274356126e-123,2.1278779353277168e-122
JMJD7,23.55075,1.6684253,1.233334153946948e-122,7.7851234594948e-122
HSPA14,23.544188,1.5074621,1.4398619406123013e-122,9.082920197905066e-122
IPO4,23.357683,2.0457826,1.1513883535042014e-120,7.150227642453257e-120
FDX2,23.322899,1.7028285,2.5970351952266432e-120,1.606156280031446e-119
B4GALT4-AS1,23.090998,1.8831079,5.702306182734034e-118,3.455643461868677e-117
CASTOR2,23.068258,1.9202973,9.646925673048133e-118,5.82986539747393e-117
PKD2L2,22.997524,1.5112641,4.934935699093165e-117,2.970372862499386e-116
RHOU,22.98537,1.515295,6.529280853708042e-117,3.9251910213627946e-116
DMTN,22.865398,1.5644255,1.0271246563519871e-115,6.122075929179312e-115
SRXN1,22.636433,1.8634998,1.897976658708731e-113,1.1139654246434448e-112
OPN3,22.603334,2.0842497,4.018567302010605e-113,2.3515348374923303e-112
LINC00115,22.54402,1.5542309,1.5371121944885909e-112,8.938547227861143e-112
MTHFD1L,22.537508,1.6880195,1.780654811075467e-112,1.0348634791542838e-111
MATR3,22.520996,3.3001137,2.5849025907175073e-112,1.5013764884286193e-111
TRBV3-1,22.327787,2.1584024,1.9851902204993328e-110,1.1405226727754242e-109
PRKX-AS1,22.286936,1.5418904,4.947131401751616e-110,2.8330543538037935e-109
C2orf81,22.283346,2.869621,5.35999537565372e-110,3.0676920009006145e-109
MBNL1-AS1,22.187986,1.71301,4.486425453009165e-109,2.547602242149836e-108
SMARCA5-AS1,22.17462,3.5371568,6.038372583449206e-109,3.42489491921548e-108
ZNRF1,22.091707,2.3256948,3.79776821042574e-108,2.140401161912756e-107
GTF2H4,21.943007,1.5858884,1.0100156356904864e-106,5.614768738406659e-106
PMEPA1,21.873154,3.6284497,4.680853625629192e-106,2.590354743956788e-105
ABHD17C,21.833775,1.8692282,1.1087599892526974e-105,6.11677910056295e-105
LRRC8C-DT,21.753622,1.5296888,6.383660497881198e-105,3.490233825720572e-104
IGLC3,21.730831,3.3467605,1.0488481868693825e-104,5.726523805987744e-104
LINC02298,21.685188,3.8577032,2.83095017996961e-104,1.540490353772117e-103
MCM3AP-AS1,21.662935,1.5158484,4.590293668622181e-104,2.495079625211079e-103
TBC1D16,21.365318,2.0681837,2.8093627627172586e-101,1.4950669170750972e-100
SCN11A,21.264006,2.7801206,2.446197349222914e-100,1.2944075102648453e-99
SH3BP5-AS1,21.226194,1.6227041,5.471738185578992e-100,2.88756668865722e-99
SPATA1,21.197172,1.7175986,1.014109716852431e-99,5.338740634750704e-99
LINC01303,21.02478,1.8906122,3.891924249867902e-98,2.0190130891149285e-97
COPRS,21.00428,1.7109834,5.993569330394609e-98,3.101061995165566e-97
LINC00624,20.985744,2.4421487,8.852459646227252e-98,4.5741993756898565e-97
HFM1,20.914082,5.6392064,3.986281589863897e-97,2.0494891789400088e-96
LINC02422,20.855383,2.0508811,1.3620196455655373e-96,6.987939282754703e-96
PIP5K1B,20.727238,2.7622607,1.967619167777832e-95,9.998019183348901e-95
LANCL1-AS1,20.644596,2.903715,1.0916971722121239e-94,5.508594704963084e-94
IL1R2,20.643312,5.5657043,1.1210975150231557e-94,5.655487541627509e-94
PSAT1,20.441753,1.5921943,7.113799562180092e-93,3.542056738746566e-92
TRBV10-3,20.439436,2.18894,7.459546529363804e-93,3.712319595284611e-92
C1S,20.241245,1.5010182,4.2431569461039286e-91,2.080954764946408e-90
INSL6,20.187517,2.2430682,1.260395289219341e-90,6.167395603761957e-90
JAKMIP2-AS1,20.178398,1.965458,1.515762562327301e-90,7.405853138482054e-90
ASPHD2,20.169865,2.0379002,1.8013274068423323e-90,8.798895331275775e-90
C5orf58,20.12241,2.7993593,4.696917010106695e-90,2.284027635531009e-89
PRTFDC1,19.932434,2.185217,2.1295095659649635e-88,1.0233360311100789e-87
MANEAL,19.65713,2.3624306,5.023548049227056e-86,2.3652740189430952e-85
WNT5B,19.655329,2.837656,5.205045710334628e-86,2.4501403526540293e-85
TRAV9-2,19.624487,1.8995937,9.55378628043878e-86,4.48748175553591e-85
RMI2,19.60523,3.2634568,1.395217438861982e-85,6.539308944587129e-85
LINC01126,19.546331,2.871516,4.432663905360312e-85,2.069140441318955e-84
LY86,19.430576,1.9308408,4.255541845869502e-84,1.970012842204268e-83
RYR1,19.164904,2.1548266,7.269203295255822e-82,3.3141605331212936e-81
SLC26A5,19.163935,1.9113694,7.40576267232934e-82,3.374847786961819e-81
ALG13-AS1,19.153028,3.4170048,9.131911259035016e-82,4.156623389550993e-81
PPP1R3D,19.017395,1.7223604,1.2241516534064646e-80,5.5206728632997696e-80
SIAH2-AS1,19.012077,1.6241192,1.3548097388220741e-80,6.1085062141175915e-80
SLC27A2,18.956358,2.2761898,3.913275177898215e-80,1.758726887485353e-79
IL7,18.865658,1.5454917,2.1853598378785565e-79,9.756587111021581e-79
PDXP,18.64269,1.5628151,1.447730556358316e-77,6.361821586979458e-77
SLC16A4,18.555264,1.5797137,7.394484805606212e-77,3.228364093621204e-76
CAMP,18.532501,4.026622,1.1291480898830853e-76,4.918782240167456e-76
C7orf25,18.410236,2.4305441,1.0874863790080238e-75,4.693412762335467e-75
CCL18,18.29647,3.6993544,8.828604606732148e-75,3.782748739753332e-74
FAM89A,18.11969,1.9675267,2.2284588673258465e-73,9.45705554453094e-73
DTL,18.031002,2.237988,1.1125572714792898e-72,4.692933970318332e-72
SLC22A15,17.99985,1.7195688,1.9534811009684905e-72,8.217050340445275e-72
OPA1-AS1,17.997448,2.248689,2.0400197250857168e-72,8.577375586694737e-72
NLGN4Y,17.986588,1.7160434,2.4817726169353677e-72,1.0419078860371438e-71
C21orf91-OT1,17.94071,2.1559317,5.672512991145892e-72,2.373818096893559e-71
FAM217A,17.926416,2.2969003,7.335787860070008e-72,3.066581859556717e-71
IRAK3,17.894686,2.1895435,1.2972723584006097e-71,5.409125401487989e-71
GALNT12,17.830025,1.5729373,4.132351993970738e-71,1.7124494667094322e-70
FBXO10,17.621819,1.8627058,1.6753301508109264e-69,6.836884335989199e-69
NT5M,17.57083,1.954504,4.1210668413395886e-69,1.6761803357167548e-68
ELF3-AS1,17.545326,2.585273,6.458017955182217e-69,2.6212506813317906e-68
USP12-AS1,17.503033,1.9103636,1.358405696669377e-68,5.498817267775418e-68
UFL1-AS1,17.428267,1.7235794,5.034904203779645e-68,2.023475158339702e-67
ADAMTS17,17.368063,1.9005508,1.4400515531190383e-67,5.755500161648967e-67
C4orf19,17.359625,1.6034279,1.6680943177240122e-67,6.657407629864058e-67
SLC18A2,17.322699,1.9146643,3.171313989156973e-67,1.2623326309972263e-66
DGUOK-AS1,17.306175,2.9322176,4.22567705311882e-67,1.6796272308638851e-66
RBBP8,17.264297,1.5371069,8.736081030415231e-67,3.461179056553255e-66
NTRK1,17.24588,2.0152745,1.201673419991738e-66,4.753253584475102e-66
MKI67,17.154451,2.207362,5.821747131581945e-66,2.286630828398143e-65
PLCG1-AS1,17.115404,2.0713282,1.1392099169352992e-65,4.4601960093217155e-65
CCDC39,17.104328,3.912843,1.3778122606428732e-65,5.385743171446213e-65
SHPK,17.084131,1.7303623,1.9482238081174905e-65,7.603279512812736e-65
SPATA21,17.079542,1.7490993,2.1076487657378294e-65,8.223822741367468e-65
GLT8D2,17.046528,3.8714254,3.709205342816435e-65,1.4438378784211656e-64
CPA6,16.943933,2.168027,2.1336971351390423e-64,8.233521108341703e-64
DLEU7,16.939487,1.8245975,2.301196992521988e-64,8.874620171397371e-64
CABLES2,16.729689,1.662796,7.965479817273027e-63,3.027748816324759e-62
ZNF350-AS1,16.669798,2.047919,2.1732633124732815e-62,8.228795762089235e-62
REC114,16.594027,2.99377,7.698073436918179e-62,2.900190624058817e-61
TPRN,16.58898,1.519213,8.373137745638627e-62,3.153908747000128e-61
LINC02288,16.529072,2.124522,2.266028906674178e-61,8.505976145367411e-61
C14orf39,16.489847,6.060538,4.340420526817282e-61,1.6248966686198695e-60
TMOD1,16.424429,2.051848,1.2788129421057337e-60,4.7573786408982886e-60
VPS33B-DT,16.373562,2.981218,2.954078321673442e-60,1.0950067171529819e-59
NME9,16.299137,1.6058677,1.0009534377315563e-59,3.690025785518292e-59
ZNF579,16.279688,1.6845692,1.375696568288377e-59,5.06293595039815e-59
CHRM5,16.263853,1.5690132,1.7817181346932555e-59,6.548583857940951e-59
PLBD1,16.255985,1.6842386,2.0258278892501667e-59,7.4388065559856e-59
NICN1,16.244585,2.2917793,2.4398978088319287e-59,8.944158921547992e-59
LINC01018,16.218838,23.1452,3.711535957565255e-59,1.3587901892916165e-58
SLC8A1,16.179262,1.6705614,7.0634948794821005e-59,2.5815925999571485e-58
KANK3,16.035217,1.5863334,7.252891196281657e-58,2.630668673379786e-57
MKRN2OS,15.9884,2.3597744,1.5393380342325802e-57,5.569853301380017e-57
SPTBN4,15.9687805,2.0628345,2.1086880763414769e-57,7.621501344264871e-57
LINC01705,15.908216,7.1217694,5.557441804342094e-57,2.0005154751171098e-56
SDCBP2,15.887662,2.8890507,7.715177598965578e-57,2.7736651709821504e-56
FAM53B-AS1,15.817078,1.9784639,2.372517130132544e-56,8.501266288671236e-56
LINC00412,15.718264,23.095804,1.133887549726843e-55,4.039306676325298e-55
SLC26A3,15.624623,1.546235,4.948394271472658e-55,1.7506812349335918e-54
KCNK15-AS1,15.612959,4.2971706,5.941622592169912e-55,2.1009336986552374e-54
ZNF775,15.566309,2.037191,1.2332087516278385e-54,4.349572612086075e-54
SMIM18,15.533607,1.8557935,2.054902523973989e-54,7.2411908138165e-54
ASPHD1,15.436903,1.770306,9.243369778857359e-54,3.2403127881168188e-53
LINC00882,15.327419,2.9205084,5.01521057761452e-53,1.746532133524843e-52
IGHG1,15.303191,2.4362562,7.279832373917896e-53,2.5297773023055474e-52
VCAM1,15.282692,1.5266802,9.973367698810612e-53,3.460263459757554e-52
RBM47,15.214787,1.7102077,2.8213765290231343e-52,9.757634485670677e-52
GCNT7,15.13094,2.8887293,1.0123848056017814e-51,3.479161551811672e-51
TAS2R14,15.085249,2.0930676,2.0250796665968772e-51,6.939887726088912e-51
CFAP299,15.061222,2.2340295,2.9135144364559034e-51,9.968814564184144e-51
LINC01890,15.04782,3.3826761,3.567975373120914e-51,1.219957052266819e-50
MED12L,14.985011,1.6847084,9.201061378074179e-51,3.1345119959288914e-50
ANKRD9,14.9423485,1.68911,1.7470853785281213e-50,5.9342070277796e-50
PLCL2-AS1,14.936944,4.8635764,1.8946720713006362e-50,6.432155289939426e-50
KDM4A-AS1,14.842941,1.5399442,7.729129933803374e-50,2.6112502511164437e-49
TOX2,14.841288,2.454005,7.922105474325308e-50,2.675984117410627e-49
IGHG3,14.798882,3.1575644,1.4893863177429339e-49,5.0145064462480604e-49
OVOL2,14.629092,1.8605461,1.8321423519650464e-48,6.104437518006476e-48
ANKRD16,14.574022,1.5637119,4.109643957636786e-48,1.3653228007306727e-47
PLB1,14.572851,1.9156952,4.18074048305177e-48,1.3887070068300295e-47
HAR1B,14.56848,1.9775947,4.457028761161493e-48,1.4794764851299083e-47
GEMIN7-AS1,14.539558,1.5716885,6.80296608997796e-48,2.2558962963682214e-47
CENPF,14.480731,1.5554497,1.6038277858196743e-47,5.29861592316721e-47
UBOX5-AS1,14.415753,1.7497542,4.1192054928992277e-47,1.3562950207816269e-46
TPX2,14.341862,1.6508607,1.1979831999360348e-46,3.927971725259438e-46
LINC02259,14.32934,3.3002841,1.4347688193713396e-46,4.700411226763498e-46
EFCAB14-AS1,14.260085,2.022718,3.8797953836653235e-46,1.2665971983243751e-45
TYMS,14.2289295,2.1066382,6.060243526229008e-46,1.975459692174733e-45
ZFY-AS1,14.197493,2.5787103,9.494986403113508e-46,3.088909292371158e-45
OMD,14.111118,3.2480497,3.243931910607232e-45,1.048517668099807e-44
ALPK2,14.068575,1.7332196,5.925108826144653e-45,1.9100910957166156e-44
LTF,14.054359,3.0751278,7.243452801164416e-45,2.332782824443471e-44
B4GALT2,14.034092,2.023251,9.642383641059086e-45,3.102304555873795e-44
BRDT,13.992321,2.7023473,1.736518031568714e-44,5.576006701958746e-44
TMPO-AS1,13.926743,1.5537869,4.357819650718177e-44,1.3938184852117242e-43
TCAF2C,13.837912,4.7487335,1.505171674320625e-43,4.789138101318048e-43
NUCB1-AS1,13.8119545,2.8412762,2.158939635508533e-43,6.850353622122746e-43
FOXD1,13.765411,2.6291442,4.115336992891925e-43,1.3013722410618808e-42
TRAV16,13.745293,1.6341244,5.43524722842858e-43,1.7157108850764713e-42
TTTY10,13.734411,1.8436389,6.316763603641725e-43,1.9930091937449415e-42
GPR153,13.707147,1.5198728,9.200536271430727e-43,2.898198547317393e-42
ACBD3-AS1,13.691512,3.5510988,1.1410975008120818e-42,3.592180806932242e-42
EYS,13.600396,1.5532739,3.982727501038572e-42,1.2463459417931037e-41
LINC02211,13.553998,3.9561467,7.502990957144848e-42,2.3375024207834796e-41
SYNGAP1-AS1,13.521432,1.9452887,1.1687910180324937e-41,3.632608424533011e-41
CENPW,13.501641,1.7439381,1.529309774422719e-41,4.744812694768315e-41
PRICKLE4,13.449855,5.689481,3.0847547343396877e-41,9.541966588928076e-41
MAFB,13.4434,1.6636552,3.3660692079622634e-41,1.04022808372403e-40
LRFN4,13.4187355,1.7621034,4.696594179030334e-41,1.4493448177774102e-40
CENPS,13.260046,1.5252492,3.946511116161906e-40,1.2047633310617189e-39
COL10A1,13.259989,2.0008621,3.949549488434874e-40,1.2055027981546346e-39
IGHG4,13.250418,2.190954,4.486970852345666e-40,1.3669787581924332e-39
HYAL2,13.246683,1.7527434,4.715881133259701e-40,1.4360467167075291e-39
UPK2,13.2300205,1.8192928,5.887123877305441e-40,1.790754547351358e-39
RNF144B,13.199012,1.511409,8.889299530694608e-40,2.6976708005060807e-39
AQP9,13.198277,2.872659,8.976368315527421e-40,2.723249227879699e-39
UNC5D,13.168924,2.7221029,1.3247124003181269e-39,4.015175379402898e-39
CD9,13.149001,1.6189202,1.7243782582710166e-39,5.223317919171401e-39
EDRF1-AS1,13.089013,1.9904574,3.8052203605138786e-39,1.1487280471233504e-38
LINC02536,13.032235,2.8114848,8.022282595779415e-39,2.416192486289235e-38
LINC02195,13.022686,2.1434379,9.091596014613743e-39,2.735727369121355e-38
LCN2,13.000822,2.491716,1.2103474211156196e-38,3.6381072713349377e-38
MILR1,12.982472,2.7558541,1.5383235878004512e-38,4.618983576197519e-38
CRTC3-AS1,12.909288,1.5159172,3.9897288886990164e-38,1.1952084337731529e-37
TRBV7-4,12.884492,1.8706396,5.503664124505285e-38,1.6462198041626324e-37
ENO1-AS1,12.7969265,2.2202384,1.7056918826256748e-37,5.077891185032589e-37
EEF1AKMT4,12.773308,1.7984523,2.311192307771767e-37,6.867943975471213e-37
MAPK11,12.73432,2.0594773,3.811521375248515e-37,1.1304008831594868e-36
B9D1,12.685246,1.5144346,7.138891882661076e-37,2.1098600869945922e-36
APOA1-AS,12.669755,2.6451125,8.698560296026783e-37,2.568871534449926e-36
PRKCA-AS1,12.615529,1.6234406,1.733900185445039e-36,5.0990319850899496e-36
TSPAN33,12.609237,1.7852197,1.8780196045833555e-36,5.521197058666932e-36
TTTY14,12.581352,1.7231339,2.674125609271104e-36,7.841643926602271e-36
PYCARD-AS1,12.575814,1.5839,2.8682844562189493e-36,8.40595929898044e-36
MYRIP,12.556769,1.9757723,3.649314345209222e-36,1.0690087291475157e-35
IMPA2,12.532172,1.757564,4.9780518339584374e-36,1.4556263940062568e-35
SPRY3,12.504246,2.549402,7.076827789943395e-36,2.0631609981169896e-35
ZBTB32,12.483116,1.6506047,9.230179248243581e-36,2.6877402906195e-35
NCOA7-AS1,12.478875,2.2877123,9.735164066820941e-36,2.8335220951889364e-35
KCNC1,12.410008,2.3711925,2.306279272055532e-35,6.696731383822919e-35
LINC01350,12.323874,2.9057052,6.737787032189026e-35,1.945477595482881e-34
CCDC183-AS1,12.311681,2.9240346,7.837333860690659e-35,2.2612938511647717e-34
CHSY3,12.2522,1.8450588,1.6349931513039468e-34,4.702167252309764e-34
FNDC10,12.223655,1.7633181,2.323959884011701e-34,6.670859177107373e-34
HIGD1B,12.118066,2.1717834,8.473547082697298e-34,2.4195296850170833e-33
CDK14,12.1157875,2.2488766,8.71228279718582e-34,2.4869722797276748e-33
GRIN2D,12.087218,2.7151775,1.2339480307689898e-33,3.513152199343459e-33
CEMIP,12.045819,2.1136382,2.040386448882034e-33,5.7948159697712104e-33
LINC00571,12.03773,1.6703671,2.250621340269684e-33,6.38726009954999e-33
BUB1,11.989904,1.9153758,4.013661563480117e-33,1.1359463331527182e-32
ARHGAP24,11.985118,1.5550941,4.2524033785158294e-33,1.2028191574269695e-32
LINC00534,11.961763,1.5755472,5.635208927121231e-33,1.5918834746052872e-32
LINC02182,11.868628,5.517172,1.7227079266460911e-32,4.839906490827094e-32
STPG4,11.865995,1.8079597,1.7777526572908e-32,4.993836347669591e-32
KCNMB3,11.830549,1.8370291,2.713600221777207e-32,7.61068211835121e-32
BATF3,11.803764,2.1143622,3.7323228663796467e-32,1.0449863192061373e-31
IDI2-AS1,11.771375,1.7737036,5.482362185853009e-32,1.5321174414848852e-31
FAM85B,11.729138,2.1171381,9.037366981253527e-32,2.520570083939125e-31
NBEA,11.641694,1.5392468,2.5294146210117845e-31,7.01965470202221e-31
HORMAD2-AS1,11.635077,2.7392428,2.7334218767663136e-31,7.58151655344624e-31
HBG2,11.597546,3.2025607,4.240664245521165e-31,1.173212469339151e-30
E2F1,11.54216,2.350161,8.086851627591022e-31,2.229409871072149e-30
CACNA1D,11.520895,1.546637,1.0352961148795746e-30,2.8501230129380297e-30
WDFY3,11.501248,2.0060587,1.3002123139710246e-30,3.572389014291633e-30
GINS2,11.471245,1.7130532,1.8399295145280025e-30,5.045367256205711e-30
EGOT,11.435389,3.2232158,2.782879021008681e-30,7.620399759739416e-30
CDA,11.426927,1.7813733,3.0677529093861593e-30,8.39694907411783e-30
TIMP2,11.383445,1.7525535,5.0562140978068835e-30,1.3808792388818576e-29
TEX22,11.382699,1.5920638,5.099632877010036e-30,1.392542787291828e-29
FUT7,11.352039,1.5669637,7.245286703675754e-30,1.9751430790962267e-29
TREML1,11.315876,1.5670183,1.0950281734666508e-29,2.9789394269978346e-29
RDH10-AS1,11.3135195,2.9427702,1.1248456358759639e-29,3.05920492047545e-29
TRPA1,11.307099,2.2402525,1.2102442859789851e-29,3.290088939710584e-29
TK1,11.306382,1.6344666,1.2201751005244828e-29,3.316625415622042e-29
LINC02404,11.29407,1.7607361,1.4038102567961196e-29,3.813125916849871e-29
LINC01117,11.2528715,2.6248693,2.24171970985814e-29,6.069734507057435e-29
RETN,11.22949,1.7609403,2.921578635562271e-29,7.902882325225673e-29
KMO,11.225582,2.5065753,3.053672582580772e-29,8.255632093940391e-29
PAX8,11.221903,1.6306717,3.1834727807045584e-29,8.60535921713314e-29
TRAV38-1,11.211762,1.5501266,3.5701190028137715e-29,9.643855417871326e-29
ADGRE3,11.20652,1.9243768,3.7879615003298356e-29,1.0226659856298872e-28
ITFG1-AS1,11.20077,2.5634427,4.042035542117941e-29,1.090357754179265e-28
TH2LCRR,11.196113,1.6892927,4.2602175241559435e-29,1.148580001552542e-28
CP,11.192895,1.7765306,4.417698191285612e-29,1.190709617177367e-28
CAMTA1-DT,11.192305,1.5057627,4.4472170464196074e-29,1.1983357637612073e-28
PKN2-AS1,11.145911,1.5223291,7.497263148189497e-29,2.0146694375030377e-28
ZSWIM8-AS1,11.11997,2.0341609,1.0030507893016149e-28,2.6901998142891995e-28
KLHL4,11.117908,1.7768636,1.0265184388998148e-28,2.752008879626192e-28
LINC00563,11.115461,3.8006902,1.0550340973767066e-28,2.828069481844849e-28
ID2-AS1,11.001053,1.5815305,3.776975587483811e-28,1.0058227857360265e-27
LINC00355,10.990139,2.4141788,4.262695297343723e-28,1.1340913878779331e-27
IL19,10.968124,2.8285391,5.438865628760121e-28,1.4446548476120272e-27
LINC01214,10.90953,6.100054,1.0379162819909741e-27,2.7523981306409243e-27
LINC01829,10.888125,1.9815495,1.31314822094432e-27,3.477559126734126e-27
HCN2,10.8784685,1.543784,1.4599514594639562e-27,3.864240519246678e-27
DYNLRB2,10.868618,1.7347105,1.6264546695447718e-27,4.300873645088121e-27
G0S2,10.853215,1.5464629,1.925310742713081e-27,5.087021416879499e-27
GPR19,10.841198,1.5199025,2.1957643821229872e-27,5.796912767051081e-27
ARG1,10.786559,2.0234778,3.9842719375085656e-27,1.0490343551287353e-26
FAXDC2,10.778894,1.5095488,4.330584549617095e-27,1.1391434126483037e-26
TRBV7-5,10.741718,5.7542276,6.482671177620497e-27,1.7004411475023846e-26
ACKR4,10.651086,2.279478,1.7234367393379348e-26,4.4989607944723466e-26
FRMPD3-AS1,10.598531,2.3683593,3.0269794531318674e-26,7.872399513408344e-26
TRBV11-3,10.510777,1.7047746,7.705574938956641e-26,1.9923717019754698e-25
CRLF1,10.434734,1.8905354,1.7209365978196982e-25,4.427463495416232e-25
MYO5B,10.426491,2.1382833,1.8769312846853227e-25,4.826253794838685e-25
RBM5-AS1,10.417516,1.6619979,2.0627134742686064e-25,5.301179047082754e-25
PP2D1,10.403949,1.8729821,2.3786808877510045e-25,6.105998637217848e-25
NT5C1B,10.395483,3.275607,2.5996718623351596e-25,6.667153211294155e-25
LINC01098,10.297328,4.5721097,7.24456203594886e-25,1.8501904192044805e-24
BUB1B,10.296514,1.7603546,7.306134593343724e-25,1.865671952532298e-24
SMC1B,10.29543,1.7189981,7.3888903113700675e-25,1.88655800643123e-24
KIF15,10.279302,2.6405275,8.735785903618482e-25,2.228419903421633e-24
LINC01284,10.218091,2.7189212,1.6454985887464025e-24,4.18333329668567e-24
SPTBN2,10.15367,6.800322,3.1913112418529197e-24,8.078600049233885e-24
CHST15,10.150128,1.9663668,3.309290024039039e-24,8.372923091595024e-24
CEP55,10.131471,2.3948286,4.005789796978338e-24,1.0115536810849417e-23
TIMD4,10.128443,1.5647925,4.131749393556109e-24,1.043226737201367e-23
LOH12CR2,10.116546,1.5724059,4.665926114854021e-24,1.1765830182405087e-23
ASPM,10.105643,1.5584642,5.215197568409381e-24,1.3139048026089193e-23
RAB19,10.073521,1.7475036,7.234138514755846e-24,1.8185717170701748e-23
BIRC5,9.9899025,1.9433283,1.687482312247455e-23,4.221510340840987e-23
ANLN,9.947401,2.5671299,2.5885534714737247e-23,6.461642343385361e-23
BCL2L2-PABPN1,9.854612,2.3783426,6.54687306465528e-23,1.623896718585049e-22
DNAJC9-AS1,9.851304,1.7827214,6.766047229913453e-23,1.6771980262851084e-22
LINC01344,9.851209,2.1738787,6.772458308622056e-23,1.6785745938330134e-22
CCNE1,9.834301,1.949958,8.012235774331043e-23,1.9838470154638725e-22
DEFA4,9.825115,2.8725774,8.777332401984152e-23,2.170540129432906e-22
ASTN2-AS1,9.821376,2.9288826,9.109182485992312e-23,2.2520338962210686e-22
RRM2,9.816719,1.5930678,9.53981801795195e-23,2.357307222822121e-22
LINC00200,9.812309,2.3604198,9.966168287761156e-23,2.461105263186652e-22
TTC3-AS1,9.780086,1.5747321,1.370950169206383e-22,3.3769829948427117e-22
EIF3CL,9.748307,2.0365362,1.8757051893358604e-22,4.613348308813992e-22
AMZ1,9.704604,1.5170871,2.8819363827812873e-22,7.0713142493121285e-22
VPS37D,9.687731,3.0882857,3.3999787584086446e-22,8.337191020619093e-22
THEM5,9.665778,2.4976995,4.2140682110155205e-22,1.031792877291688e-21
DNAH7,9.6548815,1.5704222,4.687027777631751e-22,1.1465903181985012e-21
LINC00943,9.648902,1.7336522,4.968467667333087e-22,1.2151352995172335e-21
NUDT4B,9.588887,5.887866,8.903991848242606e-22,2.171943561286603e-21
GPRC5D-AS1,9.587608,1.7281514,9.015023448465545e-22,2.1987533197005335e-21
TUBB6,9.527612,1.9170105,1.609436382600811e-21,3.910772523870939e-21
RRAGD,9.51913,1.6721171,1.746351861876765e-21,4.2403044091332095e-21
PLCH1,9.492626,3.835076,2.2528497337809346e-21,5.460642089759114e-21
CDKN1C,9.435028,1.5435276,3.908910520173332e-21,9.439659516074512e-21
PHLDA3,9.415528,2.1514053,4.707083631459535e-21,1.1354562684960573e-20
PRB1,9.405305,4.6221976,5.1879433283828926e-21,1.2508338473360822e-20
ZRANB2-AS1,9.39535,2.483218,5.702752023781269e-21,1.3733565308683646e-20
CIB2,9.375717,1.6991686,6.870724029439002e-21,1.651877722177938e-20
ADAP2,9.35737,1.6119108,8.174579747603308e-21,1.9627015521607548e-20
ISL2,9.351856,2.4560995,8.612268455911424e-21,2.0670289359165305e-20
ABCC11,9.338385,2.2586675,9.781463957810283e-21,2.34477136746823e-20
LINC02021,9.336672,1.5458696,9.94096770796788e-21,2.3824232224068033e-20
DDTL,9.318988,1.6398698,1.1745541498411946e-20,2.8111149222226636e-20
LINC01189,9.269185,21.602676,1.8757404018835863e-20,4.4750656161982465e-20
GPRIN1,9.261593,2.0906043,2.0140432110334e-20,4.803266002864299e-20
ITGB3,9.252694,1.7444874,2.1890378754871853e-20,5.218064703073851e-20
ANXA3,9.242146,1.8902348,2.41603298987866e-20,5.757054742565224e-20
KIF4A,9.240461,2.084825,2.45436701916867e-20,5.84697514379018e-20
KCTD16,9.201347,2.3115146,3.5348915356221605e-20,8.402667343179597e-20
CNTD1,9.1970625,1.6458161,3.6786775153381764e-20,8.741270384959008e-20
LINC01721,9.188405,2.158092,3.9870829084405404e-20,9.469503380551584e-20
FRRS1,9.181226,1.5182055,4.2621019790993954e-20,1.0120229526394488e-19
GP1BA,9.173583,2.0526161,4.575530924925713e-20,1.0861820834519757e-19
CMTM2,9.166389,2.483377,4.891259334884156e-20,1.1604287423013236e-19
DOCK9-AS1,9.164727,6.3256545,4.967242681530701e-20,1.1781697550568819e-19
LINC01556,9.16457,5.29161,4.9745145649146974e-20,1.1797515574627414e-19
CDC45,9.12005,1.8216872,7.508963285414955e-20,1.7758689094633775e-19
LINP1,9.095751,21.466488,9.393558248203634e-20,2.2194294590781057e-19
FOXP4-AS1,9.069611,3.610966,1.1944359809245392e-19,2.819047554544854e-19
LINC00237,9.056642,1.5848352,1.3452858849771163e-19,3.170868970998821e-19
TSPEAR,9.039326,2.897728,1.5764108312831688e-19,3.710272690227213e-19
ZC2HC1C,9.034474,1.5178688,1.647923633595881e-19,3.87718764725312e-19
SPATA13-AS1,9.012838,1.891623,2.0079121930668552e-19,4.718485143981293e-19
ECM2,8.99621,1.7539665,2.3364330411056095e-19,5.483905691298377e-19
SLC5A10,8.967789,2.3040614,3.0252763046018176e-19,7.08880454178522e-19
GRB10,8.9399605,2.9680994,3.893095767367815e-19,9.109183065389623e-19
FAM171A2,8.906567,3.5821137,5.263740724577826e-19,1.2289807719668168e-18
RN7SL832P,8.898248,1.9477797,5.673530073317281e-19,1.3240266723276395e-18
DIAPH3,8.883878,2.100878,6.456916030906132e-19,1.5055878562055671e-18
MTMR7,8.87758,1.5629714,6.833080158406423e-19,1.5925406448272616e-18
CHRM3,8.874977,1.5706314,6.9947951965397315e-19,1.6298422529874907e-18
OLFM4,8.829238,21.434944,1.0539173715168068e-18,2.4466787431297755e-18
RHOXF1,8.81699,2.629293,1.175775032821008e-18,2.7276308052449897e-18
UBE2C,8.783509,2.0961127,1.5845159225688434e-18,3.671064121812352e-18
RNASE2,8.718228,2.6655562,2.8258831101142067e-18,6.5254756547928715e-18
NID1,8.701215,3.2339952,3.283514840624922e-18,7.57507880232828e-18
GATA3-AS1,8.671387,2.6020288,4.268874188998565e-18,9.82745060356752e-18
IGLV5-45,8.615646,4.891348,6.954823507546254e-18,1.595451188694784e-17
AURKB,8.615313,1.7463781,6.975099732531056e-18,1.5999150341831873e-17
CREB3L3,8.612807,3.2234905,7.12928356467615e-18,1.63489770061623e-17
USP50,8.612428,2.85233,7.15296867329377e-18,1.6399448271706206e-17
KCNG2,8.5677805,3.4182503,1.054989013389112e-17,2.413658951712632e-17
MMP8,8.554456,21.337265,1.1842635698436992e-17,2.7049923584337e-17
LINC02315,8.517187,2.1325595,1.634757664354888e-17,3.726577117439008e-17
OCIAD1-AS1,8.5083685,2.418649,1.7639765362273312e-17,4.0188022890786376e-17
CCNB2,8.495455,2.098746,1.9715907128182458e-17,4.4881441447681986e-17
RNF157-AS1,8.457479,1.7969178,2.7322047167060873e-17,6.20517431482181e-17
FOLR3,8.446361,2.2481642,3.005238804608347e-17,6.819727812661037e-17
ZNF295-AS1,8.443651,1.5852243,3.075762956639665e-17,6.978148351944924e-17
OGN,8.441789,1.5813252,3.1251732639151186e-17,7.089426203140626e-17
TMEM158,8.433877,3.9423785,3.343985287529889e-17,7.579648338513248e-17
NEIL3,8.428748,1.5091325,3.4938141873703244e-17,7.916507181387506e-17
EDNRB-AS1,8.428087,1.5435175,3.51360936789552e-17,7.960438591059342e-17
SLC9A5,8.3903675,1.8540095,4.8462327028072804e-17,1.0949206965538952e-16
WDR64,8.296736,1.8384569,1.0701118519294638e-16,2.404127292601119e-16
THSD8,8.296239,2.6927238,1.074594471701172e-16,2.413643781249832e-16
NRG4,8.288284,1.5608728,1.1489400998156863e-16,2.578855227482605e-16
TBX20,8.252411,2.4371772,1.552305562188841e-16,3.4766527687892e-16
MYBL2,8.240631,2.3306515,1.7130460251873962e-16,3.832710338539557e-16
PGLYRP1,8.199713,3.609873,2.409627957366696e-16,5.379532215601997e-16
TAS2R20,8.199015,3.3049407,2.423646121996582e-16,5.410210736393921e-16
DAB2IP,8.191289,1.9077834,2.5844237351427735e-16,5.767134638986633e-16
C1orf141,8.188129,1.709683,2.653176300783941e-16,5.919205775138542e-16
GRB14,8.164358,2.1278882,3.231481689280285e-16,7.197909356384362e-16
LARS2-AS1,8.155835,2.5013857,3.4677424512911645e-16,7.720649025698658e-16
DGKI,8.130816,2.5263746,4.2641017097342145e-16,9.475351153313548e-16
FAM182B,8.108265,1.7963051,5.134754422713339e-16,1.1386771820450433e-15
MRC1,8.104389,2.9047585,5.301105391708054e-16,1.1753005926234217e-15
LLPH-DT,8.077164,1.9040186,6.629066988443245e-16,1.4673934709259887e-15
IGHGP,8.075806,20.981503,6.703230544089596e-16,1.4836422948393305e-15
TROAP,8.066141,1.5037191,7.255469809026169e-16,1.6056891339405573e-15
GATA2-AS1,8.062775,2.276823,7.458182633242316e-16,1.6501777223799824e-15
FAM66D,8.021794,1.6873777,1.0421161147880212e-15,2.2979635039634886e-15
MAMDC2,8.021587,1.5707141,1.0438719132832744e-15,2.3015758421551678e-15
FPR2,8.003403,2.7949646,1.2102760540372745e-15,2.6663681406666726e-15
CCDC73,7.996445,1.9713365,1.280627317779109e-15,2.8200895064485262e-15
TLDC2,7.9761987,2.226285,1.5090886356122707e-15,3.3198253425138747e-15
KCNN1,7.974289,2.1583564,1.5326084987755598e-15,3.3704296588042433e-15
LINC01560,7.973965,1.7746457,1.5366296297722704e-15,3.3788929762202257e-15
PLA2G2C,7.9615016,1.7555733,1.6996387908139184e-15,3.7343961215637495e-15
C1QTNF7,7.942366,1.5773102,1.983604507929798e-15,4.353429005290521e-15
LHX4,7.888183,2.1104884,3.0661753417498e-15,6.7120392759100665e-15
E2F7,7.8507867,2.2901416,4.134349855115428e-15,9.03214892987593e-15
ACMSD,7.8396177,2.1215196,4.5192039186277006e-15,9.866315104285044e-15
SIRPG-AS1,7.8343973,2.078875,4.710968449073381e-15,1.0282680492076733e-14
MAP3K20-AS1,7.8015437,1.7505475,6.1154507138697164e-15,1.3325962090089378e-14
BPI,7.791334,3.4507802,6.630527330965325e-15,1.4432275729958784e-14
TTK,7.776659,1.7078869,7.446505048467892e-15,1.618675969655851e-14
ATXN2-AS,7.7716446,1.5879968,7.747348358827422e-15,1.683323480852043e-14
SPOCK3,7.74628,3.94523,9.462358360385694e-15,2.0536760026178712e-14
CDC20,7.745326,2.002147,9.533687160147946e-15,2.0689274742128756e-14
EVC,7.7433167,1.8565181,9.685634371290358e-15,2.101435784204565e-14
DPP9-AS1,7.737978,1.7202398,1.0101018929500915e-14,2.190345062194968e-14
ZNF547,7.7203884,1.5695539,1.1597563643741915e-14,2.510688410009313e-14
LINC00398,7.6908336,2.9060698,1.4617944452107437e-14,3.158961204183747e-14
ECSCR,7.6803646,2.4676893,1.5863625658307718e-14,3.423995443213826e-14
RAD54L,7.6343484,2.0787947,2.2696571238035105e-14,4.8864177135644284e-14
LINC02156,7.604679,2.0699809,2.8561191083215233e-14,6.13889924336946e-14
LRRC9,7.581709,2.4375923,3.4103218798769543e-14,7.320445211214594e-14
MND1,7.5646434,1.7958503,3.889296040588442e-14,8.339441696497329e-14
PKMYT1,7.5642347,2.1504507,3.901542017227562e-14,8.364782972839808e-14
FRAS1,7.5624332,1.7806711,3.955977388519606e-14,8.480561518246237e-14
TEX28,7.552077,3.9797466,4.283716429710632e-14,9.176109808054476e-14
PBK,7.551619,3.6633596,4.298810575429087e-14,9.207434910244788e-14
VWA8-AS1,7.5207806,2.6033545,5.4450185254729525e-14,1.1640786901174997e-13
HPDL,7.4896035,1.7091174,6.908210422468389e-14,1.4749575727971786e-13
KIF2C,7.4390793,1.5843145,1.0138940249646608e-13,2.1558055286872195e-13
ASPN,7.430463,1.8683051,1.0821828449074662e-13,2.299756071801618e-13
LINC01962,7.4140654,1.5412109,1.224856858826436e-13,2.6018236011198113e-13
TBL1XR1-AS1,7.3860283,3.468589,1.512794430924176e-13,3.205453321529429e-13
DACH1,7.376171,2.1181183,1.6290651773883945e-13,3.450697920668554e-13
CXXC5-AS1,7.361675,3.8666255,1.8161690860784304e-13,3.842862962411627e-13
ZNF649-AS1,7.3605256,3.3521018,1.831872455189616e-13,3.87567090530332e-13
LINC01030,7.3335123,5.3665924,2.2419764675998178e-13,4.734109800150344e-13
TTLL2,7.2802434,2.8244543,3.332182348500785e-13,7.017989903720091e-13
CXCL17,7.266069,1.6948209,3.700999089759782e-13,7.786383204861779e-13
PRSS38,7.2178774,3.915821,5.280527488232588e-13,1.1088031107386553e-12
LMNB1-DT,7.210636,1.9464465,5.569113547106158e-13,1.1690239636319814e-12
CCDC196,7.204856,1.925047,5.810526390422649e-13,1.2194377993113512e-12
SORBS2,7.1715083,1.7109516,7.417595951638115e-13,1.5533766864475026e-12
TNS3,7.130553,1.6185708,9.996657554697892e-13,2.0876691038455534e-12
LRRC4,7.109832,2.4725392,1.161846492062382e-12,2.4230003364250976e-12
XCR1,7.101145,3.3552969,1.2372772248090093e-12,2.5789348886943646e-12
ADAMTS13,7.0976057,1.5488553,1.2693672503205768e-12,2.6455403508651666e-12
LY86-AS1,7.078902,1.6022987,1.4530154977586895e-12,3.023458874961935e-12
VEGFA,7.0139713,1.9622428,2.316468524702473e-12,4.795668228034066e-12
GK-AS1,7.006784,1.946834,2.4385836503664285e-12,5.043674545013241e-12
CYP3A7,6.9926996,2.8797815,2.6964632839982883e-12,5.569977149929115e-12
CAMK2N2,6.967052,2.584393,3.2365143189964843e-12,6.6777849213541965e-12
SLC24A3,6.9109373,1.9169605,4.81461357789805e-12,9.897295776059358e-12
AFF2,6.869381,2.1848912,6.448099719001834e-12,1.3231587175065845e-11
TRPC5,6.8588753,2.1323328,6.940488962215888e-12,1.4221098221218901e-11
TUBA4B,6.8537903,1.6862544,7.1918548005939135e-12,1.4729978515597832e-11
CCR3,6.8525243,1.9383343,7.255818524933495e-12,1.4857875355368212e-11
MCEMP1,6.8516703,1.8708614,7.29926271266601e-12,1.4945272864020977e-11
SHBG,6.8149204,2.5395722,9.431597137470197e-12,1.9278960909434536e-11
PLPPR3,6.7995095,2.1405864,1.049757608878978e-11,2.144670796674028e-11
ZACN,6.79594,2.0791302,1.0760858407955327e-11,2.1982302675317867e-11
SERPIND1,6.792438,1.6970398,1.1025407059796925e-11,2.251802164138464e-11
ZNF32-AS1,6.7911944,20.77081,1.1120902510680125e-11,2.2708318932379078e-11
RMDN2-AS1,6.7872725,1.607491,1.1427336050718115e-11,2.332430497970711e-11
VSIG4,6.774528,4.1797943,1.2481297590933824e-11,2.5451649776927163e-11
MED4-AS1,6.767463,1.7084117,1.310599925914569e-11,2.6717178195954042e-11
SLCO4A1,6.7525253,1.9022005,1.4529391197116464e-11,2.959724411255205e-11
DLGAP5,6.751046,2.4534836,1.467830929985968e-11,2.989437514359432e-11
SPART-AS1,6.750855,2.3015487,1.4697628003879874e-11,2.993060513892407e-11
DDIT4L,6.7451887,2.4272468,1.5282806688564883e-11,3.11125635956968e-11
LINC01362,6.7438674,1.9074292,1.542251755744988e-11,3.139045387603279e-11
BTBD18,6.7421203,1.654144,1.5609163281337797e-11,3.1767041818951434e-11
LRP11,6.716929,1.5169817,1.8559419555887126e-11,3.7696774119742506e-11
NEURL2,6.6977577,1.8583192,2.1164177990857957e-11,4.292502434961738e-11
SLC2A12,6.6765547,3.547505,2.4462466104702238e-11,4.956321564887279e-11
WNT6,6.652492,5.3897824,2.881718112655719e-11,5.830175768036302e-11
NXPH4,6.6454444,2.338842,3.023032910895823e-11,6.110392314885804e-11
LINC01122,6.6018534,1.5904838,4.060485120351301e-11,8.183703042026394e-11
ALDH1A3,6.5925817,2.3295863,4.322426591305729e-11,8.70983869206781e-11
RGPD3,6.5925508,2.3115144,4.323338521780761e-11,8.710779262171121e-11
CNGA4,6.5837092,1.5891713,4.5885429651400675e-11,9.235610855982395e-11
KIAA0408,6.548878,1.567427,5.797096778573964e-11,1.1642983656279928e-10
CDC25A,6.548428,2.8587587,5.814588900686453e-11,1.1676916626501696e-10
TRBV10-2,6.544974,1.6617482,5.95058151020614e-11,1.1947566077540915e-10
CABP7,6.529689,4.96434,6.590638249831786e-11,1.3210982306157386e-10
LINC01412,6.5276494,2.1634448,6.680977033978452e-11,1.3390695339638466e-10
TRBV12-3,6.5031996,1.5839874,7.862933405469513e-11,1.5727474279692061e-10
NCS1,6.492935,1.7622923,8.418002083640088e-11,1.681538023404137e-10
SNX7,6.4804773,2.721577,9.143287608289097e-11,1.8258582704255644e-10
DCDC2B,6.4773374,2.1926565,9.335532863085985e-11,1.8640582353557813e-10
LINC02539,6.476583,1.5797997,9.382305679447878e-11,1.8732063823633923e-10
SOWAHD,6.4565043,1.9763377,1.0714910828648579e-10,2.1364313745159509e-10
CCDC144NL-AS1,6.43867,1.5436525,1.2052498017445373e-10,2.3994636403028895e-10
LINC02381,6.433715,2.9612617,1.245224303737003e-10,2.4780381547366693e-10
GPR156,6.412225,1.6779251,1.4341110394252606e-10,2.850450464141544e-10
ALPL,6.40732,3.8759272,1.4809966167476973e-10,2.9421463752811105e-10
C3orf49,6.3872447,2.2748926,1.6890149446143966e-10,3.351652412150341e-10
HM13-AS1,6.3671107,2.0449414,1.9262215146646088e-10,3.8173286002589696e-10
CNGB3,6.3513875,2.7978063,2.1338163807974336e-10,4.2244555786568376e-10
MIS18A-AS1,6.2964263,3.921932,3.045859409128845e-10,6.011233173760286e-10
CDCA5,6.279215,1.5854313,3.4028728833752816e-10,6.711088145725409e-10
NUTM2E,6.270515,2.8364787,3.5985613987043297e-10,7.093447108879452e-10
EFNA3,6.257347,1.626394,3.9158113997312047e-10,7.711815365332148e-10
BMS1P14,6.2557015,2.1175256,3.9573312820838963e-10,7.792800495905976e-10
LPP-AS1,6.247964,2.44907,4.1583801867765765e-10,8.178008391441613e-10
KCTD15,6.236557,1.7142735,4.473057189379519e-10,8.783620981613488e-10
NOP53-AS1,6.2359595,1.5459926,4.4901650161834566e-10,8.81544587505547e-10
LINC02008,6.2304945,2.8258781,4.6496553996765055e-10,9.126738575671567e-10
MYO1H,6.2092986,1.7349946,5.322167253077698e-10,1.0435287455733905e-09
WASHC5-AS1,6.1974716,3.488982,5.737738053233431e-10,1.1236595098646095e-09
TUBA3C,6.177792,20.548124,6.500429133236702e-10,1.2717496228671844e-09
PAPPA,6.17574,1.55052,6.585440932889344e-10,1.288123832214901e-09
SPC25,6.167475,1.9689517,6.938895212413035e-10,1.3565820912828282e-09
MTOR-AS1,6.157085,4.047178,7.409601660702201e-10,1.4471612465976713e-09
KCTD4,6.156964,4.1037564,7.415273753044208e-10,1.4481245189577752e-09
LINC01800,6.156802,3.732843,7.42284312873733e-10,1.449436681229494e-09
LINC01763,6.156789,3.5349212,7.42347425351696e-10,1.449436681229494e-09
PTGS2,6.1424146,2.0883293,8.12764527932108e-10,1.5850285312512949e-09
LINC01479,6.1423554,1.8232841,8.130674419697547e-10,1.5854612560502403e-09
MS4A4A,6.129599,2.4515088,8.810074013434318e-10,1.7170869352079952e-09
UPK1B,6.1291857,2.3211312,8.832990048307458e-10,1.7213818271614412e-09
BOLL,6.108304,3.584672,1.0069535170727804e-09,1.9598235947961173e-09
RAB9B,6.067961,2.226385,1.2954419296417178e-09,2.515301416871317e-09
SLPI,6.047664,20.471846,1.469607582087802e-09,2.8495126007029443e-09
LINC02583,6.047664,20.374552,1.469607582087802e-09,2.8495126007029443e-09
EGFR,6.044163,3.5405285,1.5018742353509442e-09,2.9112109992419297e-09
IGLV2-8,6.0419846,1.6821631,1.5222985677345869e-09,2.948756520830568e-09
ANG,6.0364017,1.6653193,1.5758849880096461e-09,3.0507437124428918e-09
C5orf67,6.0280795,4.1119967,1.6591959857493506e-09,3.2107542572333156e-09
VCAN-AS1,6.026873,2.881587,1.6716195961939217e-09,3.234475650976234e-09
FAM72D,6.026232,2.0167491,1.6782664210799645e-09,3.2470157531829882e-09
MPO,5.982196,3.2364783,2.2014927522946967e-09,4.249660666558412e-09
C1orf105,5.954351,2.9176338,2.6110583944222303e-09,5.032820199177916e-09
LINC00184,5.914679,20.159584,3.3252289407944577e-09,6.397412242008254e-09
FANCD2OS,5.903234,1.6819854,3.564442268326032e-09,6.850899352382259e-09
SERINC4,5.8943334,5.2662005,3.761968752864837e-09,7.224870404952313e-09
LINC02166,5.854383,3.0309498,4.787839930014754e-09,9.174348976745857e-09
SLC26A7,5.840435,1.610457,5.20646585603604e-09,9.965775591403037e-09
ART3,5.836509,2.087061,5.33058276603096e-09,1.0201353893955386e-08
FAM72B,5.835122,1.5541267,5.375112576757131e-09,1.0285566487579067e-08
CD24,5.8214374,1.6039134,5.834373029595036e-09,1.1145856823500506e-08
LINC00582,5.8136234,3.1024094,6.113488459249128e-09,1.167565314957905e-08
SEC62-AS1,5.805407,1.879883,6.420973133982775e-09,1.2258107540075604e-08
FLT3,5.793999,1.6856498,6.872973954175325e-09,1.311589178226085e-08
BMP8A,5.789681,1.7580478,7.052017282880368e-09,1.3454940931299047e-08
E2F8,5.77448,2.9358785,7.719113868208755e-09,1.4720555518283686e-08
SAA1,5.7717323,2.0713835,7.846064942718858e-09,1.4956824042778628e-08
HTT-AS,5.763246,2.2156022,8.25112890497356e-09,1.5724395248590048e-08
LINC00850,5.7622786,1.9620699,8.298592974085978e-09,1.581330872693684e-08
ABCA13,5.755295,2.0191088,8.649083914623105e-09,1.6473162744923585e-08
SMTNL1,5.7511525,1.9175092,8.863699500628458e-09,1.6876994436926892e-08
RARB,5.750102,1.6791632,8.9189653235672e-09,1.698057145860702e-08
ERICH3,5.72124,1.9933435,1.0574932548247158e-08,2.0098123553234304e-08
NCBP2-AS1,5.711825,2.019366,1.117711636429067e-08,2.1230228403847782e-08
TMEM262,5.709254,1.6340544,1.1347261657559416e-08,2.154713402378677e-08
LDLRAD3,5.6486177,1.9906431,1.6174307338581828e-08,3.060621274551486e-08
FBXO39,5.648198,1.8144008,1.621384318716724e-08,3.0678058739749425e-08
LIN7A,5.632642,2.0125396,1.7746965923794923e-08,3.3546428631841096e-08
UBE2Q1-AS1,5.5917606,3.1483154,2.2477877580845543e-08,4.237039866120659e-08
P2RY12,5.5911026,2.1959686,2.2563236895814793e-08,4.25272028103741e-08
CNOT10-AS1,5.5720816,2.0482903,2.517136757879801e-08,4.737000584553947e-08
PAX9,5.5572567,1.7326549,2.7404739265637386e-08,5.152838838762298e-08
NPPA,5.511725,2.403135,3.553340388571659e-08,6.663391554473115e-08
KRTAP5-2,5.5081153,3.6754777,3.6269579876271924e-08,6.800719998264556e-08
VAT1L,5.5073543,1.9324232,3.6426678496789e-08,6.828868028599034e-08
KBTBD12,5.475365,2.2680702,4.3661036367366945e-08,8.171775797576628e-08
FSIP2-AS1,5.440105,1.8971248,5.324914639379824e-08,9.941601914262416e-08
CLC,5.4388647,1.8960732,5.362109299222745e-08,1.0008179584814066e-07
LINC02197,5.4309387,2.1522768,5.605830977756869e-08,1.0456095755671186e-07
NECTIN3-AS1,5.4303546,1.7949888,5.624220768763018e-08,1.0489396874109295e-07
RSPH9,5.396613,2.1497846,6.791066196757981e-08,1.2636704387424894e-07
TEX52,5.37655,1.9890015,7.592657392382294e-08,1.4093447149889653e-07
SYNGR4,5.3498363,19.90151,8.803370671806412e-08,1.630364918662766e-07
ARHGEF17,5.3497534,1.507999,8.807421547650501e-08,1.6309607726358e-07
LINC02289,5.323083,1.5051641,1.020232107708731e-07,1.8860559172077891e-07
MERTK,5.3063073,2.3292856,1.1186840046220362e-07,2.0647433128130547e-07
CLEC4D,5.3059797,2.109348,1.1206947681167892e-07,2.06825947585677e-07
MUC1,5.2304993,1.9155312,1.6905279344227083e-07,3.1046692276662184e-07
TPO,5.2301345,1.8897779,1.6938684489076703e-07,3.110512181702824e-07
FAM186B,5.220007,1.6563212,1.7891627682808885e-07,3.2839637041291084e-07
GJA3,5.1908665,3.5270233,2.0931746904569235e-07,3.83118906957825e-07
HTR2B,5.189338,1.8521295,2.1104255198427426e-07,3.862041201934236e-07
MUC16,5.1792,2.0702703,2.22839157478585e-07,4.074868361406365e-07
ZSCAN23,5.166911,1.5121353,2.3799421735434197e-07,4.349557154375421e-07
ANKRD53,5.139439,1.6200532,2.755598433444327e-07,5.02577594795774e-07
FRY-AS1,5.138747,1.5273072,2.765760597764953e-07,5.04243020377011e-07
LINC01258,5.136182,1.9974536,2.803761500825771e-07,5.110759669134485e-07
SLC35G6,5.1200933,3.2731836,3.0538436936501124e-07,5.559882154572517e-07
MUSK,5.1195498,2.611367,3.0626618075246327e-07,5.575417829532237e-07
FAM224B,5.108208,2.586684,3.252284564432811e-07,5.916763142136598e-07
LINC02421,5.1072145,2.0773005,3.2694245741255323e-07,5.946839567437108e-07
TMEM151B,5.107095,1.867285,3.271495512258717e-07,5.950053367773824e-07
CKMT2,5.1049275,1.6310596,3.3092167243182865e-07,6.018099708314147e-07
FNBP1L,5.104902,1.5810113,3.3096644582644796e-07,6.018354624971594e-07
CD80,5.1047688,1.6922972,3.311993614758501e-07,6.022030389666822e-07
SGMS2,5.104666,1.5180663,3.3137863502746845e-07,6.024730214826258e-07
IGKV1-6,5.072625,3.6129768,3.923646335867628e-07,7.118293296890204e-07
GCOM1,5.0531898,1.5791305,4.344916055900246e-07,7.873073190282065e-07
TMIGD3,5.0311775,2.3697665,4.874767438256227e-07,8.820921881986116e-07
NR2F2,5.0252357,4.8879876,5.028142875740431e-07,9.093410332022992e-07
IGFBP2,5.0195518,1.6745715,5.179219545726709e-07,9.363171477344812e-07
ELANE,5.0116706,1.7797418,5.395946426376002e-07,9.743275784010852e-07
NPHP3-AS1,4.994435,1.6470146,5.900831062325363e-07,1.0640201089898884e-06
COX7B2,4.953962,1.627353,7.271738228432075e-07,1.3074829886424593e-06
C1QA,4.948207,1.910976,7.490022448945706e-07,1.3461127781132401e-06
SLC46A2,4.9175105,1.6055706,8.765179522666896e-07,1.5719643744803025e-06
SLC16A14,4.9146967,2.049082,8.892011063317045e-07,1.5942722419551763e-06
LOXL3,4.8952227,1.6743696,9.81944208467254e-07,1.7581374573416806e-06
JPH3,4.886209,1.7729831,1.0279615880632026e-06,1.8383432969494377e-06
UTS2R,4.883579,19.683403,1.0417753755799925e-06,1.8627065560443435e-06
SLC24A5,4.883579,19.815393,1.0417753755799925e-06,1.8627065560443435e-06
WWOX-AS1,4.8828726,2.215258,1.0455143949905213e-06,1.8692211677637754e-06
BRWD1-AS1,4.8817925,3.4190445,1.0512573304594228e-06,1.8791452856883153e-06
FAM228A,4.865754,1.5687882,1.140212228574722e-06,2.0364798182502887e-06
PLA2G4A,4.865524,1.5792797,1.1415418466089303e-06,2.0386685091214337e-06
SDC2,4.865497,3.5407917,1.1416958206799018e-06,2.0387574209768496e-06
FAM81B,4.826507,1.9090791,1.3894855128287378e-06,2.475143606284273e-06
TAT-AS1,4.8228974,1.8275658,1.4148772334435313e-06,2.5187698056789502e-06
MARVELD1,4.7844667,1.6298224,1.7144176500440645e-06,3.0437057318147575e-06
LINC01364,4.7621217,2.51416,1.9156805673566314e-06,3.395166863693014e-06
STX19,4.7621217,2.5182106,1.9156805673566314e-06,3.395166863693014e-06
CD163L1,4.7621217,2.4809496,1.9156805673566314e-06,3.395166863693014e-06
APOBEC3B,4.7501316,1.8827326,2.0328449987035072e-06,3.5959782077951753e-06
TSNAXIP1,4.7315974,2.753595,2.2275986290918426e-06,3.935860042805343e-06
KIF20A,4.7206182,3.803861,2.3512884390846024e-06,4.15215343164042e-06
GJA9,4.7204037,3.175999,2.353768909379388e-06,4.156158637315996e-06
MEF2C-AS2,4.700692,4.0417438,2.592813666613666e-06,4.5708268313780375e-06
FIGNL2,4.6907024,1.6989824,2.7226895606815443e-06,4.795030989417376e-06
ADGRA2,4.685187,1.7578392,2.7970474959952604e-06,4.924655875619512e-06
GABRR2,4.6816525,1.5746511,2.845714492858551e-06,5.008989942993265e-06
DCST1-AS1,4.6611147,2.3524165,3.1450153641137597e-06,5.529349563789582e-06
KIF18B,4.6303577,1.5063716,3.650345104228402e-06,6.405124910288861e-06
LINC00867,4.6005945,3.0776556,4.212869120088764e-06,7.369037538383563e-06
DNAI1,4.600563,2.865196,4.213505448222113e-06,7.369491831498954e-06
LINC00051,4.591223,2.0450108,4.406571385651942e-06,7.703724548774877e-06
PMFBP1,4.5852065,1.5973392,4.535380704602843e-06,7.926788998541303e-06
ERICH2,4.5756936,2.4446151,4.746446352636954e-06,8.288279691986428e-06
RUSC2,4.575168,1.7797668,4.758372767762402e-06,8.308364265153447e-06
NCAM1-AS1,4.5540047,3.8869958,5.26341884011509e-06,9.173012100407204e-06
LINC02373,4.5536323,2.965393,5.272748142167067e-06,9.188452724723945e-06
CD177,4.546283,19.597616,5.46016827827602e-06,9.509975333271488e-06
EHF,4.546283,19.572704,5.46016827827602e-06,9.509975333271488e-06
VGF,4.5340405,2.0654397,5.786595012303189e-06,1.006955012901279e-05
ENTPD3,4.5339394,1.8435947,5.789370517499237e-06,1.0073484108698655e-05
LIPI,4.530092,3.533694,5.895811342763489e-06,1.0254131757628595e-05
GOLGA8H,4.530092,3.6804514,5.895811345312721e-06,1.0254131757628595e-05
ABCA12,4.530092,3.541307,5.895811345312721e-06,1.0254131757628595e-05
DLG3-AS1,4.5003967,3.009297,6.782669667975112e-06,1.1773554516360949e-05
RRH,4.5001407,2.4481766,6.790843923375148e-06,1.1785652673401764e-05
LINC01719,4.484513,1.8365641,7.3080702256500235e-06,1.2661972567338379e-05
SPARCL1,4.484021,1.6322098,7.32494663180062e-06,1.269008903860775e-05
PFN4,4.4775686,1.5080692,7.549789148887942e-06,1.3074986641777082e-05
ST7-AS1,4.4379764,1.9529731,9.080867056446455e-06,1.567522993653354e-05
IL22RA1,4.43349,2.4229932,9.271980011582209e-06,1.5995248599721472e-05
XIRP2,4.4333453,2.1249385,9.278216106485563e-06,1.6004595625150694e-05
GNRHR,4.41535,2.4736953,1.008468146383814e-05,1.7362048819671366e-05
LRRC66,4.415089,1.8686147,1.0096830784883914e-05,1.7381436157175018e-05
A3GALT2,4.4149013,1.685703,1.0105613986995585e-05,1.739349586573398e-05
LMF1-AS1,4.4022727,1.6975837,1.0712270644703333e-05,1.84295509034249e-05
MS4A3,4.383085,2.1526556,1.1701062287416817e-05,2.0100639701533868e-05
CRISP3,4.381331,3.5434034,1.1795640674324399e-05,2.0259553823854985e-05
C6orf58,4.381262,3.1587543,1.179940733504705e-05,2.026424457891879e-05
TFAP2A,4.368784,1.9091576,1.2494037225718333e-05,2.1445905301127752e-05
SPATA3,4.3684993,1.7138351,1.251032967774057e-05,2.1470104467113446e-05
SAMD14,4.3683968,1.6264068,1.2516199919880469e-05,2.1478295188303166e-05
HDC,4.368351,1.7582566,1.2518809762771935e-05,2.1480889989295088e-05
BMP6,4.342725,1.6668234,1.4072625430632033e-05,2.40984628009633e-05
MIR503HG,4.334023,2.6729338,1.4640893832346409e-05,2.506500529408176e-05
BCAN,4.289119,1.6145915,1.7938359114612176e-05,3.064052122509873e-05
HOXA4,4.281367,2.167525,1.8574868905864183e-05,3.171113546937274e-05
IL21-AS1,4.2809496,1.664143,1.8609762319009496e-05,3.1767934141008276e-05
MRAP,4.2809224,1.6555387,1.861201564949765e-05,3.176900926634421e-05
ALKBH3-AS1,4.280734,1.5321414,1.8627796241632507e-05,3.179317198920758e-05
SLC6A3,4.2614055,3.2699096,2.031452006642331e-05,3.458452485294687e-05
KCNQ5-AS1,4.261158,3.0575004,2.0337028728146054e-05,3.4619832810122834e-05
COL17A1,4.2608447,2.1622555,2.0365573791271528e-05,3.4662394359189463e-05
LINC02365,4.2608447,2.2587361,2.0365573791271528e-05,3.4662394359189463e-05
PRDM12,4.250578,2.2236786,2.1321977648581988e-05,3.625866504105782e-05
CXCL13,4.250194,1.9852599,2.1358531653847714e-05,3.6317670090588464e-05
FAM170B-AS1,4.2248454,1.88443,2.3910492203144402e-05,4.060053032203485e-05
CCDC168,4.2242575,1.5641217,2.3972968566101133e-05,4.069249209762899e-05
LINC01786,4.2240963,1.5601816,2.3990146088387466e-05,4.0714586180187855e-05
CASKIN1,4.2024493,3.257605,2.640424029285053e-05,4.476116902456027e-05
KRT23,4.1814923,1.6219518,2.8960197351137257e-05,4.89653262894098e-05
TNFRSF10C,4.1800084,2.08534,2.9149834192724305e-05,4.927895943699604e-05
SORCS3,4.179852,1.7233394,2.916986173812117e-05,4.930855688420482e-05
AKR1C4,4.171782,1.5394448,3.022270020798423e-05,5.103536396874658e-05
LINC02029,4.16254,2.583493,3.1472701301560294e-05,5.310950492143255e-05
PGC,4.162178,1.8380586,3.152261781769434e-05,5.318915111292945e-05
LINC02067,4.1423345,1.9170624,3.437887488450134e-05,5.791871061041087e-05
ITGBL1,4.1420455,1.5882231,3.4422233001046276e-05,5.7986764408098624e-05
NKX2-3,4.120388,2.2196863,3.78235153190707e-05,6.355779714586307e-05
SATB2-AS1,4.1202235,1.9302689,3.785051588438715e-05,6.35977069230369e-05
CEACAM4,4.120004,1.8686596,3.788654510115306e-05,6.364731409163489e-05
LHFPL4,4.119785,1.6168118,3.7922606872429155e-05,6.370242692760698e-05
C10orf105,4.1197577,1.7253188,3.792711688420605e-05,6.370453417941149e-05
C1QC,4.0825367,3.0010312,4.454680223187829e-05,7.465032337701417e-05
DCUN1D2-AS,4.0822997,2.4016237,4.459225790914907e-05,7.472009785633063e-05
ARHGAP20,4.0806227,2.225867,4.4915212062877044e-05,7.524836212725839e-05
GRIN3B,4.069111,1.8741235,4.7192844474397025e-05,7.894251843691237e-05
DEUP1,4.068899,1.6618989,4.723580451141518e-05,7.900139083899544e-05
PDK4,4.051641,1.5945385,5.0859712853740476e-05,8.500366084062125e-05
LINC02125,4.051436,1.571693,5.0904290422667536e-05,8.507089888041321e-05
GPR61,4.0254626,1.809597,5.6863366489461325e-05,9.472225721169483e-05
HLX,4.0250516,1.6141254,5.696277406096469e-05,9.487977211652683e-05
RNASE1,4.0164547,2.9560497,5.908016911235706e-05,9.834800078184628e-05
PKDCC,3.9872463,18.748648,6.684461907646186e-05,0.00011111242831194407
LMLN-AS1,3.9872463,19.30793,6.684461907646186e-05,0.00011111242831194407
SEMA3G,3.9872463,18.511723,6.684461907646186e-05,0.00011111242831194407
SYCE1,3.9855416,2.8325748,6.732640347227921e-05,0.00011185626279041938
CELA2B,3.9852839,2.3771036,6.739948362006233e-05,0.00011196817178685623
RBP2,3.9764385,3.173481,6.995505834308861e-05,0.0001161347740440789
TNFAIP6,3.9551725,1.5143266,7.647943526177817e-05,0.00012679400061022412
TEX38,3.9060376,1.6991036,9.38219458004293e-05,0.00015491585819110628
NSUN7,3.9057088,2.1549735,9.39496383975639e-05,0.00015511361155615342
CEACAM8,3.8666217,1.7243363,0.00011035338218591918,0.00018156856828504723
LINC01819,3.8646739,1.5880014,0.00011123768290161063,0.00018297738559336894
SYCE3,3.839613,2.0985372,0.0001232283800659248,0.00020236093832913865
SFRP4,3.8394654,2.0422337,0.00012330245955716909,0.00020246559776912685
HCRTR1,3.8393474,2.032068,0.00012336175337507012,0.00020253737063141225
ARL13A,3.839259,1.5465997,0.00012340624137714137,0.0002025850110124079
TEDC2,3.8300073,1.7919436,0.00012813948635950726,0.00021026695757508075
KCNK13,3.8226056,2.682983,0.00013204884564238964,0.00021653664724128723
SMIM24,3.8020115,2.7712145,0.0001435261318583637,0.00023470828582688126
IL27,3.801698,2.1292572,0.00014370785802425074,0.00023498582483651197
PTGER1,3.8015826,2.2048337,0.00014377486437448518,0.00023507574749999382
ANGPTL7,3.8014505,1.7797068,0.00014385147908752913,0.0002351773763795034
TMEM200B,3.801434,1.7863916,0.00014386105862953063,0.0002351773763795034
FAM72C,3.7826,18.317398,0.00015519869969065868,0.0002532250609144342
ZMYND10-AS1,3.7826,18.96436,0.00015519869969065868,0.0002532250609144342
PLCB2-AS1,3.7826,19.059225,0.00015519869969065868,0.0002532250609144342
UST-AS1,3.7826,18.900938,0.00015519869969065868,0.0002532250609144342
CA4,3.7826,18.769085,0.00015519869969065868,0.0002532250609144342
SHISAL2B,3.7826,18.986671,0.00015519869969065868,0.0002532250609144342
ST6GALNAC5,3.7826,19.188074,0.00015519869969065868,0.0002532250609144342
PCDHGB4,3.7749405,4.3114734,0.00016004593644129117,0.00026102507786991046
GDF5,3.7748978,4.0786695,0.0001600732830492136,0.0002610479208856581
ZFAT-AS1,3.7748127,3.9357867,0.0001601279894567696,0.00026109416557435546
HOXB-AS4,3.7747912,3.2212698,0.0001601416688074108,0.00026109416557435546
ZNF98,3.7747912,2.7082615,0.0001601416688074108,0.00026109416557435546
GPR143,3.7245798,2.235421,0.00019564076439521338,0.0003177538577096228
OOEP-AS1,3.7245169,2.087046,0.00019568955989896717,0.00031780673152153623
CAV1,3.7244854,1.9870392,0.00019571396193908435,0.0003178199840019919
GJC2,3.7241237,1.6286858,0.00019599479098661465,0.0003182430436846694
KHDRBS3,3.724108,1.8059179,0.00019600700953023486,0.0003182430436846694
IGHV3-11,3.720987,1.8507451,0.0001984455573023285,0.00032183361118764704
KLHL10,3.7043319,2.533568,0.0002119486354510678,0.00034335714036811776
UBE2E1-AS1,3.7040098,2.057605,0.00021221805638292946,0.00034376514298850694
TMOD4,3.6616015,2.1553411,0.00025064353948834326,0.0004050704311783863
TMEM121B,3.619761,2.4966872,0.00029487516303040704,0.0004752588081854052
LINC00158,3.6197019,2.4471095,0.0002949425720749789,0.0004753283026159765
EPB42,3.6110685,2.3054738,0.0003049381625604832,0.0004910327489288624
CDKL4,3.6108484,1.5323707,0.0003051969968431831,0.0004913934154685993
LINC02090,3.5830379,1.5250266,0.0003396214972431454,0.000545535499758157
DEPP1,3.5662374,18.8278,0.00036214323203650827,0.0005808539970893765
TRAV15,3.5662374,18.965364,0.00036214323203650827,0.0005808539970893765
CPB2,3.5662374,18.723965,0.00036214323203650827,0.0005808539970893765
CHRND,3.5662374,18.529116,0.00036214323203650827,0.0005808539970893765
FNDC5,3.5662374,18.772839,0.00036214323203650827,0.0005808539970893765
LINC01820,3.5662374,18.67207,0.00036214323203650827,0.0005808539970893765
KRTAP5-1,3.5662374,18.86421,0.00036214323203650827,0.0005808539970893765
LHX1,3.5662374,19.131546,0.00036214323203650827,0.0005808539970893765
PPIC,3.5662374,18.701105,0.00036214323203650827,0.0005808539970893765
THOC7-AS1,3.5625331,3.990607,0.00036729344349650507,0.0005888799236560013
CCL25,3.5624888,3.4805272,0.00036735570567160685,0.0005888799236560013
ITIH6,3.5624664,3.6853848,0.0003673868404594665,0.0005888799236560013
GRHL3,3.5624442,2.7100532,0.00036741797771443793,0.0005888799236560013
LINC00229,3.5624442,3.3780699,0.00036741797771443793,0.0005888799236560013
FOXH1,3.5624442,2.4683185,0.00036741797771443793,0.0005888799236560013
LINC01878,3.5624442,3.40546,0.00036741797771443793,0.0005888799236560013
THRSP,3.5624442,3.497984,0.00036741797771443793,0.0005888799236560013
TEX11,3.5366914,1.5052073,0.0004051726993852522,0.000647640857831287
HOXA7,3.5319204,2.0405672,0.00041255357251160113,0.0006592232816353921
SMAD5-AS1,3.5307484,1.506059,0.00041438566876806477,0.0006620967393201185
LINC00885,3.5028365,2.1093097,0.0004603317876306649,0.0007338307470759145
CXorf58,3.5021691,1.8314325,0.00046148642346904384,0.0007355515463421234
TSLP,3.4774098,2.1294587,0.0005062832451585964,0.0008055741210980171
ELAVL4,3.4770868,1.7943488,0.0005068936678705888,0.0008064605225390362
TMPRSS11D,3.4770715,1.81398,0.0005069227528224727,0.0008064605225390362
CFAP99,3.4770408,1.6138941,0.0005069809272091858,0.0008064875037500487
GHSR,3.4286041,1.6033256,0.0006066939421634854,0.0009617978323355236
WLS,3.4285893,1.7092068,0.0006067269236687297,0.0009617978323355236
COL9A3,3.4130518,2.3972292,0.0006423970378490417,0.0010169424186255195
CLEC5A,3.4068809,3.230829,0.0006570980015891374,0.001039794088233563
NANOGP11,3.4066968,2.720639,0.0006575414403077222,0.0010404116522957473
CLDN2,3.4066558,2.6413069,0.0006576400200281848,0.0010404834986991848
ITPKA,3.3893478,1.796867,0.0007005909773461518,0.00110647007624774
DEPDC1,3.389291,1.5691527,0.0007007361136634948,0.0011066099808060097
EGFL6,3.3573687,1.5902299,0.0007868808109965393,0.001238851372562578
XXYLT1-AS2,3.3424852,2.1826696,0.0008303177231336565,0.0013061867679298488
SPATA3-AS1,3.3424027,2.1378548,0.0008305645243875266,0.0013064699849851381
ARMCX3-AS1,3.3423038,1.8376412,0.0008308607757195419,0.0013067259009226808
SYP-AS1,3.3420894,1.5075809,0.0008315029899127425,0.0013076308371463912
PRRT1B,3.337763,3.9608219,0.0008445571174115525,0.0013277330821490527
TRPM2-AS,3.3375998,3.5651827,0.0008450535493972518,0.0013278782742093878
GAP43,3.3375998,3.0740023,0.0008450535493972518,0.0013278782742093878
CXCL1,3.3375766,2.7026966,0.0008451244903415636,0.0013278782742093878
LINC01111,3.3375766,3.0441763,0.0008451244903415636,0.0013278782742093878
PLBD1-AS1,3.3375766,2.740779,0.0008451244903415636,0.0013278782742093878
NKAIN1,3.3375766,3.112973,0.0008451244903415636,0.0013278782742093878
LINC01991,3.3375766,3.5670326,0.0008451244903415636,0.0013278782742093878
GFOD1-AS1,3.3358798,18.650335,0.0008502993504686704,0.0013345089588684147
CAPSL,3.3358798,18.378222,0.0008502993509388487,0.0013345089588684147
HOXC9,3.3358798,18.65413,0.0008502993509388487,0.0013345089588684147
ROPN1L-AS1,3.3358798,18.82169,0.0008502993509388487,0.0013345089588684147
OR6N1,3.3358798,18.491302,0.0008502993509388487,0.0013345089588684147
SHC2,3.3358798,18.243849,0.0008502993509388487,0.0013345089588684147
LINC02513,3.3358798,18.382748,0.0008502993509388487,0.0013345089588684147
SLC9A9-AS2,3.3358798,18.715021,0.0008502993509388487,0.0013345089588684147
OIT3,3.3358798,18.696602,0.0008502993509388487,0.0013345089588684147
LINC00472,3.3358798,18.490448,0.0008502993509388487,0.0013345089588684147
LINC00858,3.3358798,18.45223,0.0008502993509388487,0.0013345089588684147
UCHL1,3.3358798,18.112806,0.0008502993509388487,0.0013345089588684147
DMRT2,3.292424,2.6944737,0.000993277554815714,0.001553921905391261
TCN1,3.2922716,2.414921,0.0009938159388782877,0.0015546398826421243
ZNF341-AS1,3.2921002,1.7353164,0.0009944219438856963,0.0015553391893497965
LINC02091,3.2921002,1.9416858,0.0009944219438856963,0.0015553391893497965
IGHV3-30,3.2421887,1.8328516,0.0011861545038919826,0.0018466601425855928
SSC4D,3.2420533,1.7778256,0.0011867187762286413,0.0018473916478315077
SPACA5,3.2062502,2.394862,0.0013447700086218596,0.002087628170244403
SPINK4,3.2060714,2.3095944,0.0013456064827927444,0.0020887535820473127
CEBPE,3.2060356,2.2824342,0.0013457738352162297,0.002088847656659886
GATA2,3.2059817,2.1577773,0.001346024899854096,0.002088960767185769
SMOC1,3.205928,2.0894096,0.0013462760077010926,0.002088964310419077
BEX1,3.2058923,1.7925404,0.001346443436940814,0.0020890584502107398
IL21,3.1820354,3.3390777,0.0014624393018430667,0.002264720818175461
CEACAM6,3.1819077,2.92656,0.001463084618028727,0.0022655408566579194
CTAGE6,3.181801,2.86857,0.0014636225819666011,0.002266143866062804
HS6ST2,3.181716,1.9049383,0.0014640530843604848,0.002266143866062804
CELF2-AS2,3.181716,2.0926929,0.0014640530843604848,0.002266143866062804
UBQLNL,3.181716,2.187506,0.0014640530843604848,0.002266143866062804
LINC00589,3.181716,1.6190007,0.0014640530843604848,0.002266143866062804
LINC00222,3.1563349,1.5520539,0.0015976529869094818,0.00246876637520047
CACTIN-AS1,3.1397696,1.914348,0.0016908076227261932,0.0026090784292647387
SPATA9,3.139685,1.5516236,0.0016912960760474525,0.0026096263693499884
COL16A1,3.097831,3.2744052,0.001949425915507326,0.0029965856065754556
ANGPTL2,3.097831,3.4351656,0.001949425915507326,0.0029965856065754556
NCBP2L,3.0978065,2.7109795,0.0019495876613507832,0.0029965856065754556
C1orf167,3.0978065,3.0395238,0.0019495876613507832,0.0029965856065754556
LRCH2,3.0978065,3.014985,0.0019495876613507832,0.0029965856065754556
PAX2,3.0883968,18.551687,0.002012395796655281,0.003088113476517911
MUC4,3.0883968,18.428396,0.002012395796655281,0.003088113476517911
PCDHGB1,3.0883968,18.44937,0.002012395796655281,0.003088113476517911
LZTS1-AS1,3.0883968,18.280336,0.002012395796655281,0.003088113476517911
SMIM9,3.0883968,18.299898,0.002012395796655281,0.003088113476517911
LINC00973,3.0883968,18.282618,0.002012395796655281,0.003088113476517911
SUCNR1,3.0883968,18.317772,0.002012395796655281,0.003088113476517911
LINC02038,3.0883968,18.34879,0.002012395796655281,0.003088113476517911
SCGB1A1,3.0883968,18.182976,0.002012395796655281,0.003088113476517911
AGT,3.0883968,18.222527,0.002012395796655281,0.003088113476517911
ZNF534,3.0709856,2.4509823,0.0021335342592569864,0.0032659781260377615
FARSA-AS1,3.070887,2.3335307,0.0021342387730625668,0.0032668010256014005
LINC02450,3.0707293,1.8380082,0.002135366438857168,0.003268271449007201
GRIP2,3.0706503,1.8497267,0.0021359304766045257,0.0032685438356319617
TEX46,3.0706308,2.0217297,0.0021360715073849208,0.0032685438356319617
KCNK9,3.070611,1.652862,0.002136212546703657,0.0032685438356319617
PRR36,3.0493264,1.8399216,0.002293551387117669,0.0035065406315429757
TRBV12-2,2.9950397,1.9937261,0.0027440906334667454,0.004177080164580107
CABCOCO1,2.9893289,1.7850455,0.0027959095117679657,0.004254304613240711
PACSIN3,2.9431918,2.7408264,0.003248470076112142,0.0049153815663853335
DENND5B-AS1,2.9431696,2.8192556,0.0032487034851830295,0.0049153815663853335
FAIM2,2.9431696,2.7488492,0.0032487034851830295,0.0049153815663853335
CHAD,2.9430585,2.4248705,0.0032498707597546036,0.004916713791889113
LINC00332,2.943036,1.9311504,0.0032501042605185384,0.004916713791889113
NNAT,2.943014,2.083566,0.003250337776567742,0.004916713791889113
THBD,2.9286427,1.7514677,0.0034044546997133466,0.005142687167206328
MYO7A,2.9285383,1.6894363,0.0034055974712511425,0.0051440163116512816
FABP3,2.882926,1.5215917,0.0039399986637017985,0.0059365437630951555
AGBL5-AS1,2.8399236,3.1065848,0.004512432719095629,0.006763119136585729
OVOL3,2.8399236,2.798302,0.004512432719095629,0.006763119136585729
BMX,2.8399236,1.9901272,0.004512432719095629,0.006763119136585729
TMEM51,2.8399236,2.858973,0.004512432719095629,0.006763119136585729
ERICD,2.8399236,2.4123957,0.004512432719095629,0.006763119136585729
PCDHGA11,2.8399236,3.0497434,0.004512432719095629,0.006763119136585729
PRB2,2.8399236,2.7312183,0.004512432719095629,0.006763119136585729
POU6F2,2.8399236,2.5450354,0.004512432719095629,0.006763119136585729
LDHD,2.8371594,2.4369109,0.004551686890249735,0.006818543025360483
TFF3,2.8371186,2.4129307,0.004552270310772675,0.006818648610012224
MST1R,2.8370776,2.2473943,0.004552853799031976,0.006819000622997145
KCNJ2-AS1,2.8370368,2.1030061,0.0045534373550345335,0.006819352683553937
LINC01478,2.836873,1.5497437,0.004555772256615044,0.0068206770326920425
LINC02561,2.836832,1.7883347,0.004556356151437203,0.0068206770326920425
SLC22A14,2.8368118,1.5547476,0.004556648124267062,0.0068206770326920425
LINC00536,2.8368118,1.5076404,0.004556648124267062,0.0068206770326920425
GPR142,2.8192823,18.33906,0.004813116190008103,0.007184610390272223
TBL1Y,2.8192823,18.32732,0.004813116190008103,0.007184610390272223
LRRN4,2.8192823,18.072575,0.004813116190008103,0.007184610390272223
CHST4,2.8192823,17.853136,0.004813116190008103,0.007184610390272223
IGLV9-49,2.8192823,18.248669,0.004813116190008103,0.007184610390272223
TPRG1-AS2,2.8192823,18.459791,0.004813116190008103,0.007184610390272223
GNG12,2.8192823,17.919865,0.004813116190008103,0.007184610390272223
LINC00303,2.8192823,18.304256,0.004813116190008103,0.007184610390272223
LINC01625,2.8192823,18.00855,0.004813116190008103,0.007184610390272223
LINC01804,2.8192823,17.94435,0.004813116190008103,0.007184610390272223
SNHG27,2.8192823,18.40066,0.004813116190008103,0.007184610390272223
PXDC1,2.8192823,17.978413,0.004813116190008103,0.007184610390272223
GNG3,2.8192823,18.0481,0.004813116190008103,0.007184610390272223
MAL2-AS1,2.8192823,18.080725,0.004813116190008103,0.007184610390272223
AOX1,2.8192823,18.060541,0.004813116190008103,0.007184610390272223
ANKRD34B,2.8192823,17.683245,0.004813116190008103,0.007184610390272223
C9,2.8192823,18.213993,0.004813116190008103,0.007184610390272223
HLA-DQB1-AS1,2.7904003,1.5066023,0.005264291223863003,0.007841934429700916
LINC01535,2.7620327,2.1688354,0.0057442727037677116,0.00852319747249974
IGHV3-49,2.7619946,2.116222,0.005744942983429984,0.008523545704735609
XKRX,2.7618804,1.9301971,0.005746954245621789,0.008525883296309869
OR1L8,2.761747,1.5269501,0.005749301519642479,0.008528072478499397
TGM4,2.707757,1.7185894,0.006773959346817019,0.009998705325376438
