Name,Term,ES,NES,NOM p-val,FDR q-val,FWER p-val,Tag %,Gene %,Lead_genes
prerank,HALLMARK_OXIDATIVE_PHOSPHORYLATION,0.8027203929183664,2.144265354350098,0.001,0.001,0.001,102/200,8.45%,SLC25A6;ATP5F1E;ATP6V0C;COX7C;COX6A1;COX6C;COX8A;NDUFA1;ATP5F1B;UQCR10;COX6B1;GPI;ATP5MF;NDUFA3;UQCR11;COX4I1;NDUFA4;NDUFB2;ATP5MC2;NDUFV2;UQCRH;COX5B;ATP5MC3;COX7B;COX7A2;IDH2;ATP5F1A;NDUFC2;MDH2;ATP5PB;NDUFB7;UQCRB;NDUFA2;ATP6V0E1;ATP5PD;UQCRQ;NDUFA6;NDUFB4;NDUFB8;NDUFB3;ACADVL;ACAA2;ATP5MG;CPT1A;LDHA;SLC25A5;ISCU;NDUFS8;ATP5PO;NDUFC1;NDUFS7;ATP5PF;BAX;NDUFA9;ATP5ME;TCIRG1;SLC25A20;MDH1;SDHD;ECH1;GPX4;COX17;NDUFA7;NDUFB1;IDH3G;HSD17B10;NDUFB6;UQCRC1;BCKDHA;ATP6AP1;MRPS15;OXA1L;ATP6V0B;NDUFS3;CYC1;POLR2F;SLC25A3;CYB5R3;PRDX3;VDAC2;IDH3B;COX5A;NDUFAB1;TIMM8B;HADHA;MRPL11;NDUFS6;COX11;SDHC;NDUFS2;TOMM22;ATP5MC1;ATP6V1C1;LDHB;VDAC1;OAT;PDHB;DECR1;SDHA;CS;NDUFA8;ATP6V1F
prerank,HALLMARK_INTERFERON_GAMMA_RESPONSE,0.7510129358697649,1.986436017066122,0.001,0.001,0.001,82/195,7.69%,MT2A;CD74;HLA-A;B2M;HLA-DRB1;HLA-DQA1;PSME1;GZMA;PSME2;PSMB9;IRF1;PSMA2;PSMB10;TAP1;STAT1;LY6E;PSMB8;SOCS1;VAMP5;VAMP8;UBE2L6;TAPBP;ISG20;GBP4;PDE4B;HLA-DMA;IRF9;CASP1;ISG15;ITGB7;IL10RA;LCP2;CD38;MVP;ZBP1;RAPGEF6;APOL6;UPP1;SRI;FGL2;PSMB2;BST2;RBCK1;ADAR;MYD88;IL2RB;SAMHD1;ARID5B;EIF4E3;IFITM2;TXNIP;SLAMF7;BPGM;FAS;CFH;SAMD9L;IRF4;HLA-B;PML;SP110;CCL5;IFNAR2;MTHFD2;IL18BP;TRIM21;NFKBIA;OASL;XAF1;PSMA3;CASP4;IRF2;IFI35;TRAFD1;PFKP;OAS2;CASP8;IRF7;EPSTI1;PIM1;HLA-G;XCL1;TNFAIP3
prerank,HALLMARK_ALLOGRAFT_REJECTION,0.7468912135677453,1.9649158806169074,0.001,0.001,0.001,71/192,8.02%,CD74;HLA-A;RPS19;PRF1;B2M;RPS9;FLNA;GZMB;RPS3A;HLA-DQA1;ITGB2;GZMA;CCL4;HLA-DRA;IL2RG;HLA-E;RPL39;CD3E;HCLS1;PSMB10;TAP1;STAT1;SOCS1;WAS;TAP2;TAPBP;SRGN;CD3D;HLA-DMA;ZAP70;F2R;LY75;CD8A;LCP2;GPR65;BCL3;MAP4K1;FGR;CD4;CD8B;IL2RB;EIF5A;IFNGR1;IL16;FAS;FYB1;CD3G;EIF3D;ETS1;IRF4;FASLG;IL12RB1;CCL5;IFNAR2;CDKN2A;GBP2;SIT1;CTSS;LCK;ITK;HLA-DMB;PF4;CD7;CCR5;CD2;IRF7;HLA-G;ITGAL;ELF4;TIMP1;KLRD1
prerank,HALLMARK_INTERFERON_ALPHA_RESPONSE,0.7323841531504416,1.7591035987230839,0.001,0.001,0.001,35/96,7.31%,HLA-C;CD74;IFITM1;B2M;PSME1;PSME2;PSMB9;IRF1;TAP1;LY6E;PSMB8;UBE2L6;ISG20;GBP4;IRF9;CASP1;ISG15;PARP9;BST2;ADAR;IFITM2;TXNIP;SAMD9L;SP110;UBA7;GBP2;TRIM21;OASL;PSMA3;IRF2;IFI35;TRAFD1;CASP8;IRF7;EPSTI1
prerank,HALLMARK_UV_RESPONSE_DN,-0.7030096567640476,-1.7184686114913692,0.001,0.001,0.001,49/137,10.35%,AKT3;CELF2;NR1D2;CDK13;DYRK1A;RUNX1;PRKCA;FYN;NIPBL;ATXN1;DUSP1;SIPA1L1;RASA2;PRDM2;SFMBT1;NEK7;NFKB1;SCAF8;DLG1;PTEN;SMAD3;ATP2B1;WDR37;ABCC1;PIK3CD;MAP2K5;NR3C1;TGFBR2;INPP4B;TOGARAM1;SPOP;SLC7A1;MAPK14;DBP;PHF3;PRKCE;IGF1R;BMPR1A;YTHDC1;ATRN;MYC;ARHGEF9;PEX14;MGMT;ATRX;ATP2B4;BCKDHB;SYNJ2;ACVR2A
prerank,HALLMARK_MTORC1_SIGNALING,0.5867154812560116,1.547528711432667,0.0027624309392265192,0.023472186287192755,0.061,56/195,9.18%,CORO1A;PPIA;CXCR4;GAPDH;ITGB2;CALR;DDIT4;TUBA4A;ALDOA;GPI;ENO1;HSPE1;TPI1;CTSC;LDHA;FKBP2;RPN1;SLA;FGL2;G6PD;M6PR;TES;PRDX1;PGK1;PSMA4;PSMC4;PFKL;ACLY;CANX;ACTR2;DDX39A;SSR1;PSMD13;MTHFD2;CYP51A1;PSME3;ACTR3;HSP90B1;PSMA3;PPA1;SHMT2;ABCF2;ATP5MC1;SLC7A5;UCHL5;LTA4H;CCNG1;HPRT1;DHFR;PSAT1;SLC1A4;MAP2K3;HSPD1;HSPA5;PDAP1;EBP
prerank,HALLMARK_KRAS_SIGNALING_DN,-0.6208208704290651,-1.5290553869423908,0.0016,0.01871230643846781,0.08,16/171,9.23%,CDKAL1;ZBTB16;PTPRJ;CAMK1D;SIDT1;DTNB;NR4A2;IFI44L;BTG2;PRKN;MX1;SKIL;YPEL1;SLC16A7;CPEB3;FGGY
prerank,HALLMARK_ADIPOGENESIS,0.5693208446150105,1.5073223601080532,0.001,0.03353169469598965,0.101,43/196,6.76%,UBC;COX6A1;COX8A;ALDOA;UQCR10;UQCR11;COX7B;MDH2;NDUFB7;UQCRQ;STOM;ACAA2;UCP2;SOD1;ATP5PO;SQOR;PLIN2;ECH1;GPX4;IFNGR1;IDH3G;DNAJC15;PFKL;TALDO1;UQCRC1;BCKDHA;CD151;ACLY;GHITM;NDUFS3;SCP2;CYC1;TKT;PRDX3;SLC25A1;NDUFAB1;DHRS7;REEP5;ARAF;ESYT1;SDHC;AK2;PREB
prerank,HALLMARK_ESTROGEN_RESPONSE_EARLY,-0.5880264905306556,-1.4966649523051994,0.0015625,0.02099429502852486,0.128,45/194,15.66%,MYBL1;FOS;BCL11B;B4GALT1;MED13L;CD44;AQP3;XBP1;SVIL;CHPT1;ADCY9;AFF1;ABLIM1;TIPARP;ELF1;RETREG1;IL6ST;SIAH2;ELOVL5;LRIG1;IGF1R;DHRS3;MYC;TOB1;KDM4B;BCL2;ARL3;NRIP1;GAB2;UGCG;RRP12;NXT1;IGFBP4;CISH;DYNLT3;AMFR;SNX24;TMEM164;RARA;ABCA3;FLNB;RPS6KA2;SLC37A1;MAST4;TIAM1
prerank,HALLMARK_FATTY_ACID_METABOLISM,0.5863089316338524,1.4955320057604602,0.001,0.03299944557383108,0.116,52/151,13.37%,MIF;PSME1;ALDOA;LGALS1;UBE2L6;MDH2;ACADVL;ACAA2;CPT1A;LDHA;GLUL;HSP90AA1;PRDX6;MDH1;SDHD;ECH1;GRHPR;IDH3G;HSD17B10;S100A10;ERP29;XIST;PCBD1;IDH3B;ACSL5;RAP1GDS1;SERINC1;GABARAPL1;SDHC;HSD17B7;CRYZ;PDHB;DECR1;SDHA;ENO2;HADH;BLVRA;DHCR24;UROD;CPT2;UROS;FASN;G0S2;ACSL1;HSDL2;ADSL;NBN;ACOT2;NSDHL;ACOT8;HCCS;NTHL1
prerank,HALLMARK_SPERMATOGENESIS,-0.611159512580487,-1.4552447705807465,0.008635578583765112,0.029894050529747352,0.233,30/117,18.89%,CAMK4;BRAF;TLE4;IP6K1;MLLT10;AGFG1;PEBP1;PRKAR2A;ARL4A;GMCL1;SIRT1;IL12RB2;CSNK2A2;DBF4;SLC12A2;CHFR;STRBP;PIAS2;MLF1;JAM3;CCT6B;TSN;TOPBP1;PHF7;POMC;MTOR;RAD17;STAM2;IFT88;MAST2
prerank,HALLMARK_WNT_BETA_CATENIN_SIGNALING,-0.6933275284888221,-1.422868124633114,0.03608247422680412,0.03715077424612877,0.339,11/42,12.61%,TCF7;CTNNB1;ADAM17;CUL1;NUMB;RBPJ;MYC;PPARD;LEF1;TP53;AXIN1
prerank,HALLMARK_DNA_REPAIR,0.5552948740277203,1.4132757617119374,0.01092896174863388,0.07754204398447606,0.283,44/148,10.35%,HCLS1;GUK1;ARL6IP1;POLD4;PDE4B;ERCC5;EDF1;BCAP31;POLR2J;POLR2G;SUPT4H1;VPS37B;GPX4;COX17;DAD1;NUDT21;RBX1;POLR2F;NELFCD;POLR2E;RPA3;VPS28;BOLA2;IMPDH2;ADRM1;PCNA;POLE4;TMED2;ADA;SSRP1;HPRT1;GTF2A2;APRT;RPA2;POLR2K;DDB1;POLR2I;GMPR2;BRF2;AAAS;NELFE;GTF2F1;TAF10;POLR3GL
prerank,HALLMARK_GLYCOLYSIS,0.5188473661319973,1.363459818915205,0.005263157894736842,0.11322121604139715,0.416,34/194,9.60%,MIF;PPIA;CXCR4;DDIT4;ALDOA;TXN;ENO1;ISG20;PGAM1;PKM;MDH2;TPI1;LDHA;SOD1;G6PD;RBCK1;MDH1;PGK1;PSMC4;TALDO1;B4GALT4;SDHC;PFKP;AKR1A1;CITED2;PLOD1;IGFBP3;GUSB;HAX1;STMN1;HSPA5;CHST12;ENO2;ALG1
prerank,HALLMARK_APICAL_JUNCTION,0.5169352435487393,1.35945692435358,0.012658227848101266,0.10692884864165589,0.429,30/193,10.91%,CD99;RAC2;MYH9;MYL12B;PFN1;MSN;ACTB;CAP1;ITGB1;ZYX;ACTN4;IKBKG;PARD6G;FYB1;GNAI2;PLCG1;EVL;PECAM1;SORBS3;ATP1A3;STX4;VASP;RHOF;HADH;GTF2F1;VCAM1;DHX16;INPPL1;PIK3R3;MVD
prerank,HALLMARK_COMPLEMENT,0.5136331269038381,1.3525334580192847,0.018421052631578946,0.10364341996942254,0.448,51/199,10.23%,GZMB;GZMA;PSMB9;IRF1;ERAP2;PFN1;S100A9;WAS;RHOG;PLEK;CALM3;CASP1;CTSD;PPP4C;LCP2;CTSC;GNB2;ANXA5;S100A12;DUSP5;CEBPB;CFH;GNAI2;CCL5;CTSB;ITGAM;ATOX1;EHD1;CTSS;LCK;LAMP2;CASP4;IRF2;PREP;IRF7;LTA4H;GNGT2;PIM1;TNFAIP3;TIMP1;RCE1;STX4;VCPIP1;HSPA5;CASP3;GNG2;CALM1;GMFB;RBSN;CSRP1;XPNPEP1
prerank,HALLMARK_HYPOXIA,0.5111780499085073,1.3480443582561046,0.02610966057441253,0.09873221216041399,0.463,28/190,5.69%,MT2A;MIF;CXCR4;GAPDH;MT1E;MYH9;DDIT4;ZFP36;ALDOA;ANXA2;GPI;ENO1;ISG20;TPI1;IDS;LDHA;JMJD6;TES;PLIN2;PGK1;GRHPR;CDKN1B;PRDX5;PFKL;ETS1;NDRG1;S100A4;SLC25A1
prerank,HALLMARK_XENOBIOTIC_METABOLISM,0.4923217046177199,1.2964870199451082,0.02956989247311828,0.1480266693203304,0.622,22/192,7.51%,MT2A;PSMB10;TMBIM6;ID2;UPP1;CYFIP2;ECH1;DCXR;FAS;ACP1;GSTO1;ADH5;COMT;CNDP2;DHRS1;GABARAPL1;DHRS7;GSS;SHMT2;SLC35B1;CES1;HPRT1
prerank,HALLMARK_HEDGEHOG_SIGNALING,0.6224257227618781,1.2795043325991213,0.13192612137203166,0.15900942524487155,0.675,5/35,9.89%,MYH9;ADGRG1;PML;LDB1;CDK6
prerank,HALLMARK_REACTIVE_OXYGEN_SPECIES_PATHWAY,0.5838157209207956,1.2772180297705686,0.12073490813648294,0.15089262613195342,0.68,19/49,6.77%,LSP1;TXN;FTL;NDUFA6;NDUFB4;SOD1;G6PD;PRDX6;GPX4;PRDX1;PRDX2;IPCEF1;LAMTOR5;ATOX1;HMOX2;PRNP;NDUFS2;PDLIM1;PFKP
prerank,HALLMARK_EPITHELIAL_MESENCHYMAL_TRANSITION,0.48072704261578075,1.2694864690947274,0.037142857142857144,0.14902975420439846,0.698,11/191,4.11%,FLNA;IL32;LGALS1;ITGB1;ID2;GLIPR1;PPIB;EMP3;AREG;SAT1;FAS
prerank,HALLMARK_MYC_TARGETS_V1,0.46434550405319347,1.2475533581715608,0.042328042328042326,0.16524769804428888,0.758,80/195,10.79%,RPL22;PPIA;RPS6;EIF4A1;PSMA2;RPS3;HNRNPA2B1;RACK1;SRSF2;RPLP0;PSMB3;RAN;BUB3;SNRPD2;HSPE1;CNBP;RPL34;TUFM;EEF1B2;SNRPG;LDHA;RPS5;PSMA6;CCT7;PSMA7;PSMB2;LSM7;SF3A1;XRCC6;RPL6;EIF4G2;PGK1;PSMA4;PSMC4;FBL;EIF3D;CANX;ACP1;PSMD8;CYC1;NHP2;MCM6;ERH;SLC25A3;PRDX3;COX5A;NDUFAB1;IMPDH2;SF3B3;PCNA;STARD7;SNRPA;CDK4;MRPL9;MCM5;EIF4H;PA2G4;HPRT1;VDAC1;CCT3;SNRPA1;ILF2;POLE3;HDDC2;HSPD1;MAD2L1;UBE2L3;PHB2;RSL1D1;MRPS18B;G3BP1;RUVBL2;USP1;SNRPB2;XPOT;MCM7;TFDP1;NOLC1;TRIM28;PSMD3
prerank,HALLMARK_PROTEIN_SECRETION,-0.5255014603714442,-1.220127112109129,0.13247172859450726,0.24904102146155938,0.947,34/95,13.15%,RPS6KA3;GNAS;ARFGEF1;AP3B1;MON2;PAM;RAB2A;SGMS1;GOLGA4;RAB22A;ARFGEF2;TPD52;STX12;ANP32E;SEC31A;STX16;ARFGAP3;SCAMP1;AP1G1;GBF1;DNM1L;GALC;SNX2;ADAM10;NAPG;USO1;CLTA;TSG101;ATP1A1;RAB5A;STX7;COPB1;AP3S1;SCRN1
prerank,HALLMARK_INFLAMMATORY_RESPONSE,0.44766006319645035,1.1821442196066936,0.10236220472440945,0.2646313065976714,0.899,24/199,5.84%,IFITM1;IRF1;LY6E;RGS1;TAPBP;RHOG;PDE4B;IL10RA;LCP2;TNFRSF1B;EMP3;PTGER2;SRI;BST2;IL2RB;RELA;PTGER4;PTPRE;BEST1;CD70;CCL5;NFKBIA;LCK;ADRM1
prerank,HALLMARK_IL6_JAK_STAT3_SIGNALING,0.4995071941477552,1.1768865799473196,0.18635170603674542,0.2622727582215565,0.906,19/84,8.95%,IL2RG;IRF1;MAP3K8;STAT1;SOCS1;IRF9;CD38;TNFRSF1B;MYD88;IFNGR1;FAS;IL12RB1;PF4;BAK1;PIM1;IL10RB;HAX1;SOCS3;IL1R2
prerank,HALLMARK_MYOGENESIS,0.4432045216296022,1.1676803296232692,0.12090680100755667,0.26592496765847345,0.916,23/183,12.47%,LSP1;MYH9;TPM3;ITGB1;SYNGR2;BIN1;FLII;ATP6AP1;LPIN1;SIRT2;EIF4A2;PRNP;IGFBP3;SORBS3;FDPS;MYOM2;GABARAPL2;BHLHE40;PDE4DIP;GNAO1;ACSL1;CLU;PTP4A3
prerank,HALLMARK_PI3K_AKT_MTOR_SIGNALING,0.4760756184557631,1.1661082483952583,0.16927083333333334,0.25556828682313804,0.917,25/103,6.44%,CXCR4;CFL1;IL2RG;CALR;PFN1;PPP1CA;ARPC3;YWHAB;ARHGDIA;CSNK2B;AP2M1;SLA;MYD88;MKNK2;PIN1;CDKN1B;ARF1;ACTR2;PLCG1;FASLG;ACTR3;LCK;CLTC;HSP90B1;CDK4
prerank,HALLMARK_ANGIOGENESIS,0.5620288469432614,1.1585719262702254,0.25060827250608275,0.2572456779960014,0.923,5/34,10.83%,S100A4;PF4;TIMP1;CCND2;LRPAP1
prerank,HALLMARK_COAGULATION,0.44494722369312384,1.1301491642823525,0.16209476309226933,0.3000033747679847,0.955,17/129,8.67%,PLEK;WDR1;GNB2;ISCU;CFH;CTSB;SIRT2;LAMP2;PF4;PECAM1;PRSS23;PREP;LTA4H;RAC1;CAPN2;TIMP1;PEF1
prerank,HALLMARK_TGF_BETA_SIGNALING,-0.523853101729423,-1.122336678205404,0.2653061224489796,0.43983700081499594,0.998,24/53,14.95%,JUNB;ARID4B;SMURF2;FNTA;HIPK2;SMAD3;CTNNB1;TRIM33;PPP1R15A;SMURF1;BMPR2;BMPR1A;TGFBR1;SKIL;PPM1A;PMEPA1;FURIN;SLC20A1;UBE2D3;FKBP1A;SPTBN1;XIAP;APC;SKI
prerank,HALLMARK_KRAS_SIGNALING_UP,0.4250834982093283,1.1222929358765095,0.1806282722513089,0.3038809831824062,0.964,23/188,7.91%,CXCR4;ITGB2;LAPTM5;IL2RG;PRDM1;LCP1;PSMB8;ID2;IL10RA;TNFRSF1B;MAP4K1;CD37;ADAM8;BPGM;CFH;ETS1;RBM4;CTSS;BIRC3;PECAM1;GYPC;TNFAIP3;IGFBP3
prerank,HALLMARK_P53_PATHWAY,0.4183423389620227,1.1117026617714303,0.17366946778711484,0.31296248382923675,0.972,40/194,8.03%,RPL36;DDIT4;TAP1;SOCS1;VAMP8;RPS12;RACK1;CASP1;F2R;ERCC5;CTSD;STOM;ISCU;UPP1;CYFIP2;BAX;MKNK2;RALGDS;DCXR;TXNIP;SAT1;HINT1;S100A10;FAS;RPS27L;PTPRE;KIF13B;NDRG1;CDKN2A;S100A4;DEF6;PCNA;BAK1;TRAFD1;ADA;CCNG1;ZMAT3;LDHB;TNFSF9;MXD4
prerank,HALLMARK_APOPTOSIS,0.4295043525687467,1.109402663578111,0.2109375,0.30522440043785454,0.976,38/158,10.42%,PRF1;IRF1;TAP1;HMGB2;ISG20;CASP1;F2R;BCAP31;CD38;SOD1;BAX;RELA;GPX4;IFNGR1;TXNIP;CDKN1B;SAT1;FAS;PLCB2;PPT1;FASLG;VDAC2;BIRC3;MCL1;CASP4;DAP3;CASP8;CD2;TSPO;TIMP1;EBP;CASP3;ENO2;HSPB1;CCND2;DDIT3;TOP2A;FDXR
prerank,HALLMARK_HEME_METABOLISM,-0.43678035311050506,-1.1086877221962113,0.1977124183006536,0.41942950285248576,0.999,35/190,13.14%,TNRC6B;PICALM;EPB41;MARK3;CCND3;AQP3;NEK7;FBXO34;USP15;TFDP2;YPEL5;BTG2;NR3C1;GLRX5;CIR1;TOP1;ISCA1;MXI1;KDM7A;BTRC;GCLM;CDC27;GAPVD1;LPIN2;XPO7;SDCBP;SLC11A2;SLC25A37;DCAF10;DCUN1D1;DAAM1;BACH1;UBAC1;ARL2BP;FBXO9
prerank,HALLMARK_UNFOLDED_PROTEIN_RESPONSE,0.44426427519536227,1.0961946519291326,0.24685138539042822,0.3219318671841311,0.984,39/108,10.71%,CALR;EIF4A1;EEF2;DDIT4;HERPUD1;DCTN1;EIF4G1;ATP6V0D1;SRPRA;CEBPB;PDIA6;POP4;NHP2;SSR1;MTHFD2;EDC4;EIF4A2;HSP90B1;BANF1;PREB;SLC7A5;YWHAZ;EIF4EBP1;HYOU1;CXXC1;PSAT1;SLC1A4;KHSRP;HSPA5;SPCS1;LSM1;TUBB2A;RPS14;ATF4;XPOT;NFYA;ALDH18A1;EXOSC10;NOLC1
prerank,HALLMARK_TNFA_SIGNALING_VIA_NFKB,-0.41804636792089206,-1.06244331290156,0.28794992175273865,0.5011246943765281,0.999,36/197,8.61%,FOS;TNFAIP8;JUN;NFAT5;B4GALT1;REL;KLF2;FOSB;JUNB;DUSP1;BTG1;SQSTM1;CEBPD;CD44;NFKB1;IL7R;SMAD3;ATP2B1;NR4A2;KLF6;CD69;PPP1R15A;IER2;TIPARP;BTG2;IRS2;IL6ST;IER5;GADD45B;EIF1;TRAF1;GPR183;MYC;TSC22D1;PMEPA1;YRDC
prerank,HALLMARK_E2F_TARGETS,0.40060274690747816,1.0587812925390523,0.28337874659400547,0.3958602846054334,0.995,93/198,17.71%,HMGB2;SRSF2;RAN;TUBB;RAD50;JPT1;RAD21;SNRPB;XRCC6;CDKN1B;NAA38;PTTG1;NUDT21;LBR;LMNB1;HMGA1;DDX39A;MCM6;CDKN2A;RPA3;MTHFD2;PCNA;SMC3;POLE4;AK2;CDK4;MCM3;KIF22;MCM5;DCTPP1;PA2G4;NCAPD2;SSRP1;RPA2;SMC6;POP7;MAD2L1;STMN1;EZH2;HELLS;CKS2;USP1;RNASEH2A;TOP2A;SMC1A;MCM7;MKI67;HUS1;NOLC1;PRDX4;UBR7;CHEK1;TBRG4;WEE1;TUBG1;RPA1;NBN;SLBP;CENPE;NME1;PMS2;TIMELESS;DONSON;DCK;MCM4;UNG;CDKN3;RACGAP1;PAN2;ZW10;CDKN2C;SUV39H1;TK1;MCM2;POLD1;DCLRE1B;BIRC5;PPP1R8;PLK4;BRCA2;SRSF1;PHF5A;RAD51C;RRM2;MELK;CDK1;ASF1B;RAD51AP1;HMGB3;PRPS1;CHEK2;BARD1;CKS1B
prerank,HALLMARK_PANCREAS_BETA_CELLS,-0.5354402945424527,-1.0489141180869366,0.40353982300884955,0.48542461287693556,0.999,4/30,8.55%,AKT3;DPP4;SEC11A;ELP4
prerank,HALLMARK_IL2_STAT5_SIGNALING,-0.39968561353684856,-1.0045486745095833,0.4276629570747218,0.5568052159739201,1.0,45/197,12.20%,CDC42SE2;PRKCH;RORA;SELL;RABGAP1L;SNX9;CCND3;CD44;XBP1;LTB;ABCB1;IKZF2;POU2F1;HIPK2;NCOA3;KLF6;CD48;ODC1;LRRC8C;FLT3LG;SNX14;GADD45B;ARL4A;LRIG1;IGF1R;PHTF2;GALM;BMPR2;TRAF1;DHRS3;SERPINB6;MYC;BCL2;MAPKAPK2;FURIN;HUWE1;LCLAT1;P4HA1;SLC39A8;PLSCR1;CTSZ;CISH;ICOS;NFKBIZ;CD83
prerank,HALLMARK_MITOTIC_SPINDLE,-0.39090231764725303,-1.0002426015704682,0.4342105263157895,0.5212822602553654,1.0,57/197,15.32%,EPB41;ARFGEF1;SSH2;RICTOR;RASA2;NCK2;PCGF5;PCM1;CLASP1;PAFAH1B1;ABI1;DLG1;NCK1;RANBP9;ROCK1;AKAP13;TLK1;DOCK2;VCL;SOS1;YWHAE;STAU1;ABL1;CD2AP;CDK5RAP2;RABGAP1;KIF5B;CDC27;ARHGEF7;MYO9B;NIN;SPTAN1;TUBGCP3;LATS1;RAB3GAP1;ARHGAP5;HOOK3;NF1;ARF6;ALMS1;LRPPRC;NEDD9;ARHGEF2;DYNLL2;CEP192;KIFAP3;CEP57;MYH10;TUBD1;SPTBN1;APC;FLNB;CNTRL;ABR;TRIO;WASL;ARHGAP10
prerank,HALLMARK_MYC_TARGETS_V2,0.4358789339076774,0.9849646759425004,0.45219638242894056,0.5815372262122496,1.0,21/57,14.61%,DUSP2;HSPE1;CDK4;MCM5;DCTPP1;PA2G4;NIP7;PPAN;HSPD1;PES1;FARSA;NOP2;NOLC1;NOC4L;TBRG4;SUPV3L1;TCOF1;NOP16;DDX18;MCM4;UNG
prerank,HALLMARK_UV_RESPONSE_UP,0.3812020118932681,0.9819920289613794,0.4607594936708861,0.5702250970245796,1.0,40/155,12.95%,IRF1;TUBA4A;ALDOA;HLA-F;TAP1;TMBIM6;BSG;SELENOW;ARRB2;RPN1;PPT1;KLHDC3;DNAJB1;PSMC3;AP2S1;NFKBIA;BAK1;STARD3;ATP6V1C1;GRINA;POLE3;ATP6V1F;NXF1;PDAP1;CASP3;ENO2;MGAT1;UROD;STK25;RXRB;YKT6;PRKACA;ICAM1;PPIF;GGH;WIZ;HNRNPU;CDK2;SIGMAR1;ALAS1
prerank,HALLMARK_G2M_CHECKPOINT,-0.38463093515911834,-0.9675342115675499,0.5573505654281099,0.5624926336906777,1.0,38/192,9.38%,STAG1;CUL3;SRSF10;HNRNPD;PAFAH1B1;RAD23B;RPS6KA5;CUL5;ARID4A;SMAD3;NUP98;SMARCC1;SLC38A1;PURA;ODC1;CUL1;KPNB1;ABL1;TOP1;UBE2S;SLC7A1;TRA2B;MAPK14;CCNT1;PDS5B;KIF5B;CDC27;SYNCRIP;YTHDC1;NCL;PRIM2;MYC;DBF4;SLC12A2;WRN;CUL4A;ATRX;AMD1
prerank,HALLMARK_CHOLESTEROL_HOMEOSTASIS,0.41339394743767743,0.957755017982991,0.530751708428246,0.6286892292283938,1.0,27/73,16.23%,S100A11;ANXA5;ECH1;FBXO6;ABCA2;CYP51A1;FABP5;HSD17B7;GUSB;FDPS;PMVK;EBP;MVD;FDFT1;FASN;PCYT2;CLU;HMGCR;NSDHL;LDLR;DHCR7;LSS;ALDOC;STARD4;ERRFI1;SCD;ETHE1
prerank,HALLMARK_ANDROGEN_RESPONSE,-0.4060680906558425,-0.9534380817840488,0.5419968304278923,0.5571638141809291,1.0,20/96,8.19%,RPS6KA3;TNFAIP8;IQGAP2;B4GALT1;CCND3;SLC38A2;ANKH;VAPA;PIAS1;TPD52;ACSL3;INPP4B;APPBP2;HPGD;ELOVL5;NGLY1;GNAI3;STK39;TSC22D1;PMEPA1
prerank,HALLMARK_ESTROGEN_RESPONSE_LATE,0.3586683323663107,0.9496362508393147,0.5718015665796344,0.6345989650711514,1.0,16/187,7.51%,COX6C;ZFP36;S100A9;DUSP2;ISG20;IDH2;FKBP5;ID2;DCXR;AREG;ABHD2;BATF;FABP5;PRSS23;SLC7A5;HPRT1
prerank,HALLMARK_APICAL_SURFACE,0.42858079426381374,0.9310679455462558,0.5521327014218009,0.6724403151828766,1.0,4/43,3.55%,IL2RG;CRYBG1;IL2RB;FLOT2
prerank,HALLMARK_PEROXISOME,0.3710363683258237,0.9012150542465366,0.6730769230769231,0.7475595464576517,1.0,14/102,8.39%,GSTK1;CTBP1;IDH2;CNBP;MVP;SOD1;ECH1;PRDX1;PRDX5;SCP2;ACSL5;TSPO;SLC35B2;FDPS
prerank,HALLMARK_NOTCH_SIGNALING,0.4025645095376043,0.8126956126199096,0.773972602739726,0.9471373128811681,1.0,5/32,7.92%,SKP1;APH1A;RBX1;PSENEN;DTX2
prerank,HALLMARK_BILE_ACID_METABOLISM,0.30161153078865444,0.7404785971490265,0.9899749373433584,0.9773868046571799,1.0,19/105,14.05%,GSTK1;IDH2;SOD1;PRDX5;SCP2;ACSL5;ABCA2;LCK;SLC35B2;PEX19;DHCR24;FDXR;PEX16;ACSL1;NEDD4;ALDH9A1;ISOC1;PXMP2;IDH1
