"group","gene","scores","logfoldchanges","pvals","pvals_adj"
"MKPP","RPS2",118.009285,1.6769346,0,0
"MKPP","ARHGEF18",75.46872,2.236903,0,0
"MKPP","SMAP2",71.306915,1.7588003,0,0
"MKPP","PDE7A",70.858826,1.8777761,0,0
"MKPP","P2RX5",70.72739,2.0524511,0,0
"MKPP","STEAP1B",68.45362,2.0652819,0,0
"MKPP","LYN",68.37604,1.7799706,0,0
"MKPP","SIK3",67.14749,1.8152931,0,0
"MKPP","UTY",66.090546,2.1236508,0,0
"MKPP","HNRNPD",65.96685,1.6784229,0,0
"MKPP","ARIH1",64.11017,1.7737422,0,0
"MKPP","MED13L",63.384243,1.6784428,0,0
"MKPP","SNHG7",63.24463,1.642367,0,0
"MKPP","FAF1",63.17448,1.7592736,0,0
"MKPP","ASXL1",63.15556,1.7625822,0,0
"MKPP","STAG1",62.304695,1.6313517,0,0
"MKPP","ARHGAP15",61.794106,1.565259,0,0
"MKPP","CDC42SE2",61.28707,1.5484077,0,0
"MKPP","PPP3R1",60.97026,1.7388264,0,0
"MKPP","FBXL17",60.734844,1.7232316,0,0
"MKPP","PLCL2",60.48939,1.6276132,0,0
"MKPP","TMEM131",60.412766,1.6285957,0,0
"MKPP","KLF12",60.290092,1.6991687,0,0
"MKPP","NCK2",60.23145,1.6394157,0,0
"MKPP","RPS6KA3",60.071148,1.7471936,0,0
"MKPP","USP9Y",60.003376,2.2048984,0,0
"MKPP","MGAT5",59.906162,1.6376349,0,0
"MKPP","KLHL5",59.8301,1.7521602,0,0
"MKPP","CHST11",59.731873,1.735593,0,0
"MKPP","TMBIM4",59.59607,1.5561215,0,0
"MKPP","ZFAND3",59.575302,1.5706676,0,0
"MKPP","COP1",59.456696,1.6062846,0,0
"MKPP","CCSER1",59.323452,1.8494194,0,0
"MKPP","DLEU2",59.266865,1.582281,0,0
"MKPP","ARPC4",58.686558,1.6674362,0,0
"MKPP","FAM107B",58.35467,1.5097768,0,0
"MKPP","PACS1",57.975018,1.5067496,0,0
"MKPP","AKT3",57.78997,1.6122806,0,0
"MKPP","ACBD3",57.738583,1.7123456,0,0
"MKPP","RFX7",57.38931,1.7643219,0,0
"MKPP","RNF38",57.31535,1.6841594,0,0
"MKPP","UST",57.03947,1.8264918,0,0
"MKPP","DYRK1A",56.86631,1.5878924,0,0
"MKPP","RAPGEF1",56.816597,1.6153436,0,0
"MKPP","NFKB1",56.801826,1.6246208,0,0
"MKPP","TRAF3",56.6644,1.6184714,0,0
"MKPP","BRAF",56.65703,1.5397778,0,0
"MKPP","PIP4K2A",56.099957,1.534485,0,0
"MKPP","TRIO",55.913265,1.5082963,0,0
"MKPP","HECA",55.868256,1.6661905,0,0
"MKPP","FBXO11",55.839462,1.585218,0,0
"MKPP","SPPL3",55.588493,1.6435982,0,0
"MKPP","DENND5B",55.55861,1.6096978,0,0
"MKPP","SPIDR",55.508316,1.5570928,0,0
"MKPP","LINC02245",53.789722,1.7631489,0,0
"MKPP","NDUFAF6",53.522713,1.6175623,0,0
"MKPP","PTBP2",53.00934,1.5413305,0,0
"MKPP","ZEB1",52.972504,1.572088,0,0
"MKPP","KCNQ5",52.879055,1.7202001,0,0
"MKPP","CASK",52.788044,1.5814245,0,0
"MKPP","QKI",52.678528,1.5068542,0,0
"MKPP","MTMR1",52.509605,1.764683,0,0
"MKPP","SMYD3",52.480453,1.5382249,0,0
"MKPP","COMMD10",51.86671,1.5014608,0,0
"MKPP","RYK",51.863907,1.7177275,0,0
"MKPP","WWP2",51.385845,1.525757,0,0
"MKPP","MAPK14",51.288315,1.8230203,0,0
"MKPP","FNDC3A",51.277763,1.5086695,0,0
"MKPP","SNX25",51.15685,1.6070552,0,0
"MKPP","SOS2",50.837643,1.5159997,0,0
"MKPP","BASP1",50.81806,1.5692621,0,0
"MKPP","BRD7",50.811832,1.6643322,0,0
"MKPP","LINC00278",50.6395,2.1087103,0,0
"MKPP","CAB39",50.40871,1.7022878,0,0
"MKPP","KDM3B",49.950127,1.504002,0,0
"MKPP","FYN",49.912304,1.5746263,0,0
"MKPP","TLK2",49.85118,1.5524548,0,0
"MKPP","XKR6",49.312412,1.517781,0,0
"MKPP","IP6K1",49.150555,1.6152003,0,0
"MKPP","PPP3CB",48.948437,1.5244855,0,0
"MKPP","AGFG1",48.60595,1.511431,0,0
"MKPP","E2F5",48.44818,1.5431268,0,0
"MKPP","CDYL",48.236797,1.6631734,0,0
"MKPP","TM9SF3",47.495674,1.6194028,0,0
"MKPP","USP3-AS1",47.044155,1.7521108,0,0
"MKPP","MXI1",46.743927,1.7142924,0,0
"MKPP","ORAI1",46.741787,1.8635716,0,0
"MKPP","NR1D2",46.678963,1.5895548,0,0
"MKPP","LINC01473",46.40925,1.6563528,0,0
"MKPP","GALNT1",45.37326,1.6374757,0,0
"MKPP","RUFY1",45.367912,1.5763295,0,0
"MKPP","ABHD15-AS1",45.126183,1.9049604,0,0
"MKPP","EXOSC6",45.046467,1.5291086,0,0
"MKPP","GPHN",44.48262,1.6824625,0,0
"MKPP","STXBP5",44.337337,1.5140926,0,0
"MKPP","LYL1",44.28019,1.6712421,0,0
"MKPP","KMT2E-AS1",44.172318,1.6519864,0,0
"MKPP","PPP2R2D",44.15393,1.7294514,0,0
"MKPP","EIF3B",44.079906,1.6223795,0,0
"MKPP","SAMD12",43.89311,2.0195565,0,0
"MKPP","DISP1",43.504997,1.8949817,0,0
"MKPP","GRK5",43.4722,1.520019,0,0
"MKPP","CSGALNACT2",43.130417,1.5098956,0,0
"MKPP","RAB12",43.0496,1.6309578,0,0
"MKPP","KLHL2",42.89332,1.6671252,0,0
"MKPP","LINC00342",42.855404,1.6593676,0,0
"MKPP","R3HCC1L",42.839977,1.524564,0,0
"MKPP","UBE2Q1",42.59719,1.8814435,0,0
"MKPP","STAT5B",42.546112,1.5108622,0,0
"MKPP","TET3",42.057705,1.7375853,0,0
"MKPP","SBF2",41.900707,1.5184828,0,0
"MKPP","ANKUB1",41.886097,1.5131676,0,0
"MKPP","APPL2",41.75014,1.7643877,0,0
"MKPP","NBEAL1",41.67079,1.5771782,0,0
"MKPP","THAP11",41.55831,1.9296198,0,0
"MKPP","DNAJC21",41.1616,1.5504073,0,0
"MKPP","SLC36A4",41.1169,1.6245039,0,0
"MKPP","MTFR1",41.10744,1.6258548,0,0
"MKPP","BTBD7",40.866543,1.5239365,0,0
"MKPP","CCZ1B",40.135815,1.6960001,0,0
"MKPP","MXD4",40.034397,1.7080702,0,0
"MKPP","TTC9",40.02169,1.8545518,0,0
"MKPP","RASGRP1",39.808315,1.5004529,0,0
"MKPP","PDE3B",39.707966,1.6795444,0,0
"MKPP","PPP1R35",39.645798,1.5461161,0,0
"MKPP","CRIPT",39.121925,1.6015875,0,0
"MKPP","SEC22A",38.75211,1.6773055,0,0
"MKPP","PHF10",38.725082,1.5161979,0,0
"MKPP","OPN3",38.231766,1.668292,0,0
"MKPP","ABHD17B",37.96586,1.5919214,0,0
"MKPP","SLC15A4",37.291626,1.5689316,2.24324793308255e-304,5.09824338612768e-303
"MKPP","CLPTM1L",37.185375,1.5669986,1.17607202302702e-302,2.64825976370457e-301
"MKPP","NBEA",36.957367,1.5216898,5.54649668858962e-299,1.23193924179707e-297
"MKPP","MPP7",36.061485,1.6781993,9.1121583800959e-285,1.85736161647622e-283
"MKPP","MAPK9",36.054447,1.7133192,1.17474141208677e-284,2.39202288779541e-283
"MKPP","PMEPA1",35.963295,1.5488256,3.13670348243716e-283,6.31471334818213e-282
"MKPP","CCNQ",35.827957,1.7824049,4.05468430483098e-281,7.99819178194886e-280
"MKPP","F8A1",35.018536,1.9152186,1.17517991573047e-268,2.16127073223814e-267
"MKPP","SLC33A1",34.522522,1.7350414,3.68461144493244e-261,6.44905874368854e-260
"MKPP","FBRSL1",34.409157,1.5115623,1.83956071603932e-259,3.1968493864527e-258
"MKPP","GMEB2",34.035515,1.5633788,6.64899896029167e-254,1.12065126317819e-252
"MKPP","MEF2C-AS2",33.94807,1.8130298,1.30238944134028e-252,2.17450141537086e-251
"MKPP","DBP",33.653942,1.9080602,2.73018443116571e-248,4.44091844963015e-247
"MKPP","CRK",33.553482,1.5233829,8.00898831794701e-247,1.28669855012797e-245
"MKPP","MYO1D",33.35889,1.5501359,5.41394173507414e-244,8.52292935413763e-243
"MKPP","WRNIP1",33.330475,1.6193253,1.39750423544802e-243,2.19121497429862e-242
"MKPP","TENT4A",32.427734,1.5561637,1.11616265318796e-230,1.60478110195312e-229
"MKPP","SMARCD2",32.26434,1.6607252,2.21423347767857e-228,3.15113605027012e-227
"MKPP","PHACTR2",31.597696,1.5202124,3.97125324164816e-219,5.36667703263613e-218
"MKPP","AKT1",31.37666,1.5545864,4.21272658106297e-216,5.58878872801628e-215
"MKPP","ZHX3",31.18355,1.5375526,1.78071776076554e-213,2.32766099817369e-212
"MKPP","KDM4A",30.529179,1.6164523,1.06867789872225e-204,1.32186404059399e-203
"MKPP","TNFSF8",30.158188,1.8076671,8.37730116618434e-200,1.00692278390599e-198
"MKPP","EPM2A",30.140387,1.605125,1.43368239338159e-199,1.72006726386824e-198
"MKPP","JAM3",29.975044,1.6621335,2.07587460969879e-197,2.45888101468437e-196
"MKPP","C8orf82",29.480349,1.7673403,5.14285344083973e-191,5.82717754084261e-190
"MKPP","RAP2C-AS1",29.47727,1.5033932,5.63212124891725e-191,6.37416706760051e-190
"MKPP","LINC02324",29.415195,2.2599647,3.51081946145487e-190,3.9596377649423e-189
"MKPP","TTTY14",28.785555,1.9931072,3.25277380438318e-182,3.44987955578157e-181
"MKPP","ANKRD33B",28.635353,1.6760359,2.43985582329968e-180,2.5682140263759e-179
"MKPP","HDGFL2",28.634382,1.6676403,2.50872328521933e-180,2.63928479812752e-179
"MKPP","SLAIN1",28.266861,1.8402556,8.83320820087795e-176,9.04490937073677e-175
"MKPP","SLC24A1",28.099775,1.5757971,9.85803307785015e-174,9.90256628682606e-173
"MKPP","TXK",27.877409,1.8332042,5.01392460722394e-171,4.95267424099737e-170
"MKPP","CHSY1",27.536545,1.6818359,6.41370504724426e-167,6.14911221775971e-166
"MKPP","SBNO2",27.392923,1.5219134,3.33018300162775e-165,3.15569108841898e-164
"MKPP","GLYATL1",26.863853,1.633723,5.81099795475449e-159,5.27654793404342e-158
"MKPP","BOD1",26.757998,1.567875,9.9665004602379e-158,8.9707672955812e-157
"MKPP","CNNM4",26.226173,1.5757368,1.3367846323293e-151,1.14628403529446e-150
"MKPP","ITFG2-AS1",26.208143,1.6721641,2.14614452337466e-151,1.83788866666938e-150
"MKPP","RGPD8",26.135288,1.6449159,1.4485760493966e-150,1.23457038913732e-149
"MKPP","RGS7",25.808067,1.7070086,7.19835572045746e-147,5.96095745822732e-146
"MKPP","POC1B-AS1",25.807098,1.7593136,7.38110845648336e-147,6.1097094025578e-146
"MKPP","SAMD1",25.36629,1.5606979,5.94170530185781e-142,4.71481303109301e-141
"MKPP","BCL9L",25.359892,1.5469975,6.9901662340913e-142,5.54003940334948e-141
"MKPP","PPP2CB",25.216127,1.5604813,2.66590851165375e-140,2.09084159342848e-139
"MKPP","FAM43A",25.027596,1.7967392,3.06211666221483e-138,2.3692961188699e-137
"MKPP","LINGO3",24.993528,1.5796899,7.18861979205943e-138,5.54680252724838e-137
"MKPP","GIMAP7",24.98797,1.7659465,8.26187484943789e-138,6.36740319235135e-137
"MKPP","MTHFD1L",24.818943,1.5116838,5.59907096524634e-136,4.26313699019224e-135
"MKPP","IL7R",24.81132,1.5128243,6.76723497589295e-136,5.14857130669803e-135
"MKPP","MPZL3",24.709394,1.5786852,8.47665703578692e-135,6.37475883459948e-134
"MKPP","CD3D",24.491919,1.5859901,1.80112109072481e-132,1.32597206558703e-131
"MKPP","MED12L",24.293259,1.859518,2.30979434093238e-130,1.66659497283794e-129
"MKPP","ARHGAP19",23.741968,1.5066952,1.3300879750192e-124,9.15482289664989e-124
"MKPP","CCNT2-AS1",23.555933,1.5309907,1.0913432082825e-122,7.38941311407335e-122
"MKPP","ASPHD2",23.29027,1.7835587,5.56339762081331e-120,3.6840800217961e-119
"MKPP","TUT1",23.25645,1.6485213,1.22405333665856e-119,8.07561554003195e-119
"MKPP","DPYD-AS1",22.82692,1.5391216,2.47818288443375e-115,1.58681553280758e-114
"MKPP","FAAH2",22.808538,1.6646245,3.7725235821232e-115,2.41165440885288e-114
"MKPP","IRAK3",22.290098,1.5038238,4.60973211988278e-110,2.82768771541901e-109
"MKPP","SPON1",21.9859,1.9086641,3.9291889977856e-107,2.3505463255478e-106
"MKPP","PRR5",21.984594,1.5331982,4.04394886769741e-107,2.41845939618285e-106
"MKPP","MTURN",21.803425,1.5119311,2.15291416756333e-105,1.2731406597425e-104
"MKPP","SPAG6",21.7738,1.6333444,4.11094410011589e-105,2.42517196717117e-104
"MKPP","SOX12",21.7459,1.7844884,7.55369711923303e-105,4.44543594674141e-104
"MKPP","OVCH1-AS1",21.701912,2.400943,1.96806672251486e-104,1.1540644179254e-103
"MKPP","LINC01340",21.689493,1.5989965,2.57809218513035e-104,1.51042239157577e-103
"MKPP","SHISA8",21.525003,1.7544917,9.08124671930829e-103,5.24968495726513e-102
"MKPP","STPG4",21.372725,1.8996521,2.39725404707682e-101,1.36882016904579e-100
"MKPP","PLCB1",21.33633,1.5756226,5.22369044882548e-101,2.97315807744669e-100
"MKPP","ADA",20.925117,1.7637486,3.16287617521223e-97,1.74685749355216e-96
"MKPP","FRMD4A",20.824345,1.6069732,2.60468452983646e-96,1.42609028762842e-95
"MKPP","PPP1R3F",20.26372,1.624826,2.68865955610746e-91,1.41619623671361e-90
"MKPP","MSC-AS1",19.96304,1.831016,1.15470824435352e-88,5.9336478270771e-88
"MKPP","CCT6B",19.79567,1.5449789,3.24417934668027e-87,1.64163696549882e-86
"MKPP","LINC00624",19.552586,1.6878828,3.92129350909412e-85,1.94849851157831e-84
"MKPP","PDZD2",19.302008,1.6923143,5.16630043202527e-83,2.51728503122187e-82
"MKPP","GYPE",19.135569,1.6856687,1.27676864749697e-81,6.13250095587153e-81
"MKPP","RASSF6",18.83766,1.6412967,3.71016269604713e-79,1.73851684952706e-78
"MKPP","TRAT1",18.324736,1.8672366,5.25361450745008e-75,2.36219505243068e-74
"MKPP","YES1",18.149662,1.7027974,1.29194349779704e-73,5.73519745120067e-73
"MKPP","EGLN3",18.044764,1.8421962,8.67360367344557e-73,3.82608378453523e-72
"MKPP","PTCHD1-AS",17.966799,2.2741077,3.54594569980787e-72,1.55506646019364e-71
"MKPP","MAL",17.83964,1.5376214,3.47930379941529e-71,1.51261978997908e-70
"MKPP","NAV2",17.745281,1.874374,1.87462507129308e-70,8.1030844698615e-70
"MKPP","CD28",17.671984,1.6152192,6.89309657343482e-70,2.96448601646094e-69
"MKPP","PINK1",17.587915,1.5523901,3.04884053924116e-69,1.30147713071272e-68
"MKPP","LINC01342",17.574425,1.7087646,3.86787643177115e-69,1.65002411198818e-68
"MKPP","CCL3",17.509197,1.9657463,1.21899521109487e-68,5.16864535009845e-68
"MKPP","RASGRF2",17.31598,1.5779744,3.56402204905908e-67,1.49114354192833e-66
"MKPP","S100Z",17.313921,1.7889549,3.69386704927149e-67,1.54513874348321e-66
"MKPP","COL10A1",17.120594,1.918058,1.04208017227521e-65,4.31108346957321e-65
"MKPP","NLGN4Y",16.881512,1.828365,6.15482838816507e-64,2.50026327381387e-63
"MKPP","ZNF358",16.806738,1.5977373,2.17836259243768e-63,8.79616161964929e-63
"MKPP","NME9",16.386803,1.5925417,2.37621200846503e-60,9.30140359704815e-60
"MKPP","LINC01891",16.36409,1.9735258,3.45152992946874e-60,1.3489022899909e-59
"MKPP","CHRM5",16.266994,1.5327495,1.69265857558962e-59,6.5757282126539e-59
"MKPP","ACTN1",16.26401,1.5108364,1.77718095548135e-59,6.90134489717387e-59
"MKPP","RNASEH2B-AS1",16.173018,1.5424472,7.81737693463615e-59,3.01360188843499e-58
"MKPP","JAML",16.130295,1.8645117,1.56274564470165e-58,6.00428171520163e-58
"MKPP","LENG9",16.091707,1.5017658,2.91678286150316e-58,1.11891015553605e-57
"MKPP","CD4",15.845144,1.6070142,1.51871775698635e-56,5.72716690474252e-56
"MKPP","LINC01252",15.838125,1.7626191,1.69807529706874e-56,6.39308494056386e-56
"MKPP","DCLK2",15.702144,1.6846513,1.46215845811089e-55,5.43325421730228e-55
"MKPP","DDAH1",15.5035095,1.7003976,3.28450072324172e-54,1.20493269877004e-53
"MKPP","FAM184B",15.416855,1.7601225,1.26097657988823e-53,4.59065855167496e-53
"MKPP","MBNL1-AS1",15.359426,1.5462143,3.06278546107795e-53,1.11089130495595e-52
"MKPP","TMEM72-AS1",15.229471,1.6080824,2.25408598874656e-52,8.10212245183554e-52
"MKPP","PROCR",15.117452,1.6954952,1.24258914099292e-51,4.42251442541823e-51
"MKPP","TIAM1",14.889483,1.6523979,3.85738732393662e-50,1.35222778851293e-49
"MKPP","PRKD1",14.848761,1.9713984,7.08665416806612e-50,2.47760673147611e-49
"MKPP","PRKAR2B",14.794514,1.9341424,1.58928675085067e-49,5.53661440994231e-49
"MKPP","ST18",14.718374,1.7479507,4.91332104375681e-49,1.7010592035427e-48
"MKPP","ATRNL1",14.709688,2.2356632,5.58640876861431e-49,1.93101654803471e-48
"MKPP","SLFNL1-AS1",14.428424,1.6205199,3.42824265620822e-47,1.16545956040102e-46
"MKPP","IMPG2",14.380423,1.6248922,6.86740910950191e-47,2.32856457207994e-46
"MKPP","PMFBP1",14.338682,1.7828072,1.25414996674056e-46,4.23708676608757e-46
"MKPP","EYA2",13.987514,1.8786093,1.8579528272852e-44,6.12576595186465e-44
"MKPP","A2M",13.723759,1.6121573,7.31714662660339e-43,2.37528077620065e-42
"MKPP","LINC02562",13.695275,3.064862,1.08348650433254e-42,3.51020925774488e-42
"MKPP","TRAM2-AS1",13.591902,1.5834562,4.4730613548093e-42,1.44104156389378e-41
"MKPP","MIR2052HG",13.554989,2.9818792,7.40231593414694e-42,2.3780745066391e-41
"MKPP","KCNMB2-AS1",13.497731,1.7032452,1.61265355927345e-41,5.15711796827308e-41
"MKPP","SEMA6A",13.479136,1.501929,2.07521103317958e-41,6.62334521240549e-41
"MKPP","PZP",13.465464,1.5556823,2.49746008801436e-41,7.96452069789193e-41
"MKPP","CD40LG",13.42984,1.893222,4.04282523738129e-41,1.28508778825661e-40
"MKPP","ZBTB20-AS2",13.1979685,1.5041832,9.01326199255837e-40,2.81923770253168e-39
"MKPP","DLEU7",13.164684,2.0240524,1.4012214689494e-39,4.3702744189356e-39
"MKPP","SYT9",13.15284,2.1602516,1.63901063439293e-39,5.1094726929745e-39
"MKPP","EEPD1",13.137323,2.0213187,2.01218849711041e-39,6.26384099768636e-39
"MKPP","ATP8B4",13.136,2.0105731,2.04769584271055e-39,6.37234609576338e-39
"MKPP","PTGDR",12.938695,1.8833609,2.72215637427163e-38,8.37533898297913e-38
"MKPP","KCNIP2-AS1",12.827432,1.6798172,1.15116630417214e-37,3.519141109208e-37
"MKPP","OVCH1",12.801776,3.7623613,1.60243289767078e-37,4.89026932963535e-37
"MKPP","CAMK2N1",12.697924,1.6890801,6.07190191955454e-37,1.83981072718865e-36
"MKPP","SLC9C1",12.581152,1.608886,2.68091882504736e-36,8.05593052342241e-36
"MKPP","SAMD12-AS1",12.52807,2.2953222,5.24225540423483e-36,1.56802894757058e-35
"MKPP","KCNC1",12.427482,1.8688365,1.85383493013004e-35,5.50551554299357e-35
"MKPP","ZNF625",12.371196,1.6937164,3.74207845078061e-35,1.10762352329262e-34
"MKPP","ITGA2B",12.34515,1.8828754,5.17377008458426e-35,1.52884827869443e-34
"MKPP","GIMAP8",12.345058,1.8103238,5.17964663495836e-35,1.53035369700838e-34
"MKPP","GLYATL1B",12.22155,2.4821036,2.38492367763715e-34,6.98416440047946e-34
"MKPP","FAM66D",12.1434965,2.2022934,6.21137036404506e-34,1.80869189410169e-33
"MKPP","FARP1",12.090926,1.7479136,1.17950137658432e-33,3.41629409961545e-33
"MKPP","METTL24",11.95519,2.2839727,6.09942677423386e-33,1.75056590082441e-32
"MKPP","MARK1",11.867915,1.8741673,1.73742585376883e-32,4.95958411474085e-32
"MKPP","IL12RB2",11.867522,1.5751569,1.74561006254898e-32,4.98076665266236e-32
"MKPP","SRGAP2-AS1",11.614379,1.5142224,3.4831153941134e-31,9.77310037740335e-31
"MKPP","LINC02315",11.6125555,2.3902247,3.55818463687643e-31,9.98087112591715e-31
"MKPP","AGBL4",11.609225,2.0394087,3.69952970947646e-31,1.03758631725721e-30
"MKPP","CP",11.605037,1.5071388,3.88521789632671e-31,1.08888490110743e-30
"MKPP","C1QTNF7",11.452098,2.5371165,2.29523241793238e-30,6.36613861858269e-30
"MKPP","HIGD1B",11.279289,1.8602965,1.66082940547341e-29,4.54851081963662e-29
"MKPP","SLC38A4",11.264891,1.5018564,1.9559437598414e-29,5.34626449121058e-29
"MKPP","CC2D2A",11.262706,1.5133128,2.00505992417223e-29,5.47975036259806e-29
"MKPP","CTNNA3",11.212884,1.606668,3.52516684832936e-29,9.60998396323613e-29
"MKPP","TTC3-AS1",11.211545,1.7844311,3.57889640760099e-29,9.75373884455936e-29
"MKPP","MB21D2",11.174137,1.8706198,5.45782666349343e-29,1.48372814880855e-28
"MKPP","PRKCA-AS1",11.004423,1.9177343,3.63836067846141e-28,9.78766040089812e-28
"MKPP","OMG",10.987978,1.5191005,4.36597659496003e-28,1.17273067961809e-27
"MKPP","LRGUK",10.729545,1.5904009,7.39594757629863e-27,1.9575801727717e-26
"MKPP","LINC02284",10.569248,1.8190361,4.13799734746751e-26,1.08512908195181e-25
"MKPP","UBASH3A",10.489642,1.5581796,9.63923535932807e-26,2.51527613696935e-25
"MKPP","FSCN3",10.489128,1.8469518,9.69184540146654e-26,2.5286670775453e-25
"MKPP","FNIP2",10.480875,1.5645835,1.0576022740272e-25,2.75751649542494e-25
"MKPP","TREML1",10.427313,1.6600714,1.8607708155044e-25,4.82976035519169e-25
"MKPP","PP2D1",10.418684,1.6494967,2.03752122908943e-25,5.28502325169963e-25
"MKPP","CFAP100",10.405952,1.6325463,2.32914199529909e-25,6.03504377171778e-25
"MKPP","TENM1",10.402275,1.5062248,2.42082937885768e-25,6.27095436662523e-25
"MKPP","ANKRD55",10.362648,1.5393325,3.66668641135124e-25,9.47691450235387e-25
"MKPP","ENTHD1",10.250558,1.9594635,1.17662517592041e-24,3.01877559229192e-24
"MKPP","EDRF1-AS1",10.0408325,1.5653342,1.00819337827135e-23,2.54679235614719e-23
"MKPP","MAP3K20-AS1",10.018687,1.7578713,1.26167728926289e-23,3.1827383261952e-23
"MKPP","LINC00334",9.93399,1.734312,2.96164716851933e-23,7.42612913808127e-23
"MKPP","DOCK3",9.927107,1.5661172,3.17329741028811e-23,7.95173309316401e-23
"MKPP","TCEA3",9.892058,1.5917699,4.50663402060318e-23,1.1271193061754e-22
"MKPP","TSPAN2",9.770083,1.5318644,1.51327720517302e-22,3.75355664226462e-22
"MKPP","MTMR7",9.625141,1.6351118,6.26210303949212e-22,1.53882748055735e-21
"MKPP","CNTD1",9.385145,1.5173913,6.28296891900833e-21,1.51727922753492e-20
"MKPP","DOK6",9.31603,1.5961579,1.2077543047379e-20,2.90549990596399e-20
"MKPP","TOM1L1",9.176567,1.5071874,4.45055200054625e-20,1.0608892867181e-19
"MKPP","GP9",9.116473,1.655875,7.76085136592549e-20,1.84301382922852e-19
"MKPP","UTF1",9.003236,1.7851863,2.19161438976593e-19,5.16817430452394e-19
"MKPP","PTH2R",8.990299,1.710272,2.46559109302225e-19,5.81355422439564e-19
"MKPP","LINC00470",8.986312,2.506002,2.55666154662006e-19,6.0239317452452e-19
"MKPP","ECT2L",8.864697,1.5308267,7.67122876837893e-19,1.79193750196537e-18
"MKPP","C21orf91-OT1",8.837029,1.9252311,9.82975690816451e-19,2.29122910278693e-18
"MKPP","C17orf99",8.836567,2.2256722,9.87045256417791e-19,2.30016691408638e-18
"MKPP","POLN",8.786668,1.8745774,1.54061877794122e-18,3.57910818553411e-18
"MKPP","TEX53",8.772885,1.7298468,1.74145418164845e-18,4.04040495927162e-18
"MKPP","LINC01393",8.712288,1.7733047,2.97802276962891e-18,6.88166622060681e-18
"MKPP","SMIM15-AS1",8.667102,1.5902869,4.43256780162526e-18,1.02115006760305e-17
"MKPP","LINC01829",8.611973,1.5357411,7.18138960426731e-18,1.64858554406737e-17
"MKPP","RGS5",8.561727,1.665528,1.11189728985966e-17,2.54118268721957e-17
"MKPP","GPR19",8.558227,1.5327004,1.14617382058924e-17,2.61890814120624e-17
"MKPP","CMTM5",8.537317,1.8096743,1.3737445181328e-17,3.13376459907003e-17
"MKPP","EDNRB-AS1",8.498268,2.088664,1.92440679818341e-17,4.38073432141146e-17
"MKPP","PLB1",8.476104,1.7361429,2.32860198489111e-17,5.29222806508121e-17
"MKPP","RTN1",8.428366,1.6030031,3.50526345309413e-17,7.93142868294935e-17
"MKPP","ADAMTS17",8.402577,1.6379031,4.36783609920647e-17,9.86835432274244e-17
"MKPP","HTR1F",8.390139,4.5259457,4.85569379852254e-17,1.0965518320772e-16
"MKPP","MYLK4",8.232303,1.7921673,1.8364894472123e-16,4.10655073740719e-16
"MKPP","OSMR",8.19633,1.8163258,2.4783742966645e-16,5.53111635916184e-16
"MKPP","C8orf89",8.117585,2.3678942,4.75550143889607e-16,1.05601057826054e-15
"MKPP","ACKR4",7.982735,1.6764393,1.43125808745228e-15,3.15321529557151e-15
"MKPP","ASPN",7.9687433,1.602759,1.6029618462787e-15,3.5279223268453e-15
"MKPP","MYZAP",7.935902,1.6317562,2.08970557093064e-15,4.58474701333903e-15
"MKPP","MKNK1-AS1",7.8328595,1.6116033,4.76897298200818e-15,1.03814955291952e-14
"MKPP","LINC01250",7.790413,1.7681719,6.67905199270218e-15,1.44767046292863e-14
"MKPP","CCDC192",7.7511697,1.6935157,9.10498679003394e-15,1.96695055759974e-14
"MKPP","LINC02531",7.7322946,2.254071,1.05625381731777e-14,2.2790577458677e-14
"MKPP","MID2",7.456745,1.5125222,8.8686068420961e-14,1.87997940294807e-13
"MKPP","PTCRA",7.43396,1.5545657,1.05393718190343e-13,2.23052593288841e-13
"MKPP","ZBTB20-AS3",7.431961,1.7323409,1.06999279894251e-13,2.26377112008942e-13
"MKPP","ALK",7.3732276,1.5181899,1.66545914517094e-13,3.50879678646695e-13
"MKPP","GP1BA",7.3052087,1.8240267,2.7683638969023e-13,5.81112902108819e-13
"MKPP","MAGI1",7.303806,2.262174,2.79739996997082e-13,5.86893134045127e-13
"MKPP","C9orf153",7.202974,1.7723079,5.89131794360086e-13,1.22861888010638e-12
"MKPP","HIGD1C",7.202293,2.2140675,5.92082329673397e-13,1.23464056127974e-12
"MKPP","SLC22A4",7.2017303,1.6129825,5.94531664756864e-13,1.23961594203115e-12
"MKPP","GK-AS1",7.179711,1.6458044,6.98589295864649e-13,1.45363625494252e-12
"MKPP","ACOT12",7.115481,1.6366813,1.11523441243178e-12,2.31420010418506e-12
"MKPP","PRSS57",7.108393,2.3527703,1.17401500002553e-12,2.43488346799147e-12
"MKPP","ASB16",7.104856,1.9602422,1.20448030551254e-12,2.49727385232776e-12
"MKPP","SUSD4",7.0807934,1.6099786,1.43331336628794e-12,2.96857281451337e-12
"MKPP","RFPL3S",6.978117,1.6657506,2.99162456999515e-12,6.15175594637085e-12
"MKPP","DACT1",6.975356,1.5312152,3.05096701497819e-12,6.27246507134831e-12
"MKPP","ZBTB46",6.948864,1.8533113,3.68239682698741e-12,7.56187859276835e-12
"MKPP","NRIR",6.9382796,1.5034277,3.96903026646188e-12,8.14279558126715e-12
"MKPP","LINC02458",6.816912,2.206762,9.3018115934924e-12,1.89384922756695e-11
"MKPP","PVALB",6.6890583,2.2318578,2.24611174302221e-11,4.52972426955154e-11
"MKPP","MME-AS1",6.670309,4.6468506,2.55265436811106e-11,5.13998154714933e-11
"MKPP","AKR1E2",6.617353,2.0252254,3.65687986891919e-11,7.32874081063199e-11
"MKPP","GLIS3",6.617321,2.0943475,3.65766756055832e-11,7.32956874808041e-11
"MKPP","RARB",6.5916815,1.746269,4.34872159584631e-11,8.69833222810187e-11
"MKPP","TDRD1",6.516701,2.496971,7.18704474719178e-11,1.43155630713608e-10
"MKPP","SLC1A1",6.499033,2.0594845,8.08378577102771e-11,1.60804635526553e-10
"MKPP","S100B",6.469404,2.059104,9.83901877905726e-11,1.95382504027392e-10
"MKPP","PCDH9-AS3",6.3979187,1.5071982,1.57509210103009e-10,3.11075920800937e-10
"MKPP","STAR",6.3937664,1.6667403,1.61848659667284e-10,3.19549447318073e-10
"MKPP","LOXL3",6.372548,1.618626,1.85913057907429e-10,3.66432989235754e-10
"MKPP","VPREB1",6.3368134,1.9926553,2.34565449756423e-10,4.60794771692972e-10
"MKPP","CLDN5",6.334652,1.5994747,2.37877739089787e-10,4.67160939232131e-10
"MKPP","IGSF9B",6.1925797,2.2548573,5.91874706524549e-10,1.15195984257732e-09
"MKPP","LINC01259",6.1389456,1.7078698,8.30709850780432e-10,1.61167265120677e-09
"MKPP","ITGB5",6.138169,1.6449373,8.3478104230929e-10,1.61925277830929e-09
"MKPP","ATP6V0E2-AS1",6.117933,1.5932586,9.47971279161752e-10,1.83698771941347e-09
"MKPP","LINC02109",6.067225,1.9444852,1.30139335922577e-09,2.51239791370658e-09
"MKPP","ENTPD3",5.9846864,1.6968191,2.16806952751097e-09,4.16296580456626e-09
"MKPP","PPP1R42",5.9811325,1.9752297,2.21591343173553e-09,4.25356677788698e-09
"MKPP","COL9A1",5.9805036,1.6036968,2.22449152026651e-09,4.26878984687408e-09
"MKPP","GTSCR1",5.9690304,2.2678444,2.38667942329094e-09,4.57733440703295e-09
"MKPP","KBTBD11",5.8796406,1.6237388,4.11158084135802e-09,7.83860228991559e-09
"MKPP","AADACL2-AS1",5.8780003,2.4368703,4.15251973790392e-09,7.91510873088874e-09
"MKPP","HKDC1",5.8538938,1.8540303,4.80195435410421e-09,9.13964038528462e-09
"MKPP","LINC01269",5.8292646,2.4792628,5.56722213106175e-09,1.0574587717008e-08
"MKPP","NOX1",5.8280063,1.972474,5.60934070807768e-09,1.06525212515202e-08
"MKPP","NCBP2-AS1",5.820698,1.5968976,5.86023861024747e-09,1.11235958022429e-08
"MKPP","IFI27",5.820542,1.5423833,5.86572094577405e-09,1.11329221597388e-08
"MKPP","PPEF1",5.765433,1.9229783,8.14484585681052e-09,1.53914383125126e-08
"MKPP","RNF212B",5.7379065,2.2613451,9.58541646814426e-09,1.80526881086282e-08
"MKPP","ADGRB3",5.706925,1.7847557,1.15035550828808e-08,2.16235894199628e-08
"MKPP","GRPEL2-AS1",5.70669,1.6039127,1.15194559415315e-08,2.16513988919305e-08
"MKPP","CFAP97D2",5.6513567,1.7886695,1.59186185006696e-08,2.98138903925251e-08
"MKPP","ME1",5.598335,1.8493589,2.16420330959186e-08,4.03825024907919e-08
"MKPP","SGK2",5.5982814,1.8111701,2.16487136947898e-08,4.03911164740319e-08
"MKPP","ZNF521",5.4990687,1.9194378,3.81802635705796e-08,7.06822514237561e-08
"MKPP","SIGLEC1",5.454818,1.9642797,4.90230479202711e-08,9.05154747786248e-08
"MKPP","RNF217",5.445725,1.7077545,5.15948535286208e-08,9.51831897660085e-08
"MKPP","LINC01644",5.3610067,3.526342,8.27594492249591e-08,1.5170369109452e-07
"MKPP","LINC00581",5.3610067,4.1066165,8.27594492249591e-08,1.5170369109452e-07
"MKPP","SLC35F3",5.3527484,3.0684166,8.66283678235698e-08,1.58706478941261e-07
"MKPP","KCNA2",5.310732,1.5146735,1.09185844722868e-07,1.99453753690914e-07
"MKPP","SPATA45",5.300927,1.6982478,1.1521602436729e-07,2.10214187861924e-07
"MKPP","FNDC5",5.2887225,2.50899,1.23173674005903e-07,2.24544666754939e-07
"MKPP","MID1IP1-AS1",5.2540383,2.602327,1.48799901546938e-07,2.70605620211011e-07
"MKPP","TIMD4",5.2293816,2.7136104,1.70078062843408e-07,3.08756613203433e-07
"MKPP","POU6F2",5.21804,4.2994976,1.8082627382815e-07,3.27812537175211e-07
"MKPP","LINC02295",5.202415,2.0328822,1.96715553657514e-07,3.5615562120376e-07
"MKPP","LINC01954",5.181702,2.2118478,2.19870238021091e-07,3.97415556770433e-07
"MKPP","CPA6",5.180289,1.5737913,2.21542664275846e-07,4.00216659393441e-07
"MKPP","SLC24A3",5.180019,1.7053819,2.21863596277583e-07,4.0072243418495e-07
"MKPP","ZDHHC1",5.178302,1.6101058,2.23914590090319e-07,4.04314911773309e-07
"MKPP","DCST2",5.146907,1.5838219,2.64816976382648e-07,4.76938664873968e-07
"MKPP","EXOC3L2",5.1253653,2.364766,2.96961821596982e-07,5.34241879655212e-07
"MKPP","STAB2",5.1167674,1.6979052,3.10816486321418e-07,5.58345451605389e-07
"MKPP","EQTN",5.0540338,1.7414922,4.32574835494554e-07,7.73590237704025e-07
"MKPP","PDZD9",5.026639,1.682391,4.99151040990306e-07,8.90616173073612e-07
"MKPP","MTUS2",4.9908013,1.5057341,6.0129313928102e-07,1.06993763294089e-06
"MKPP","AGT",4.9737554,20.218811,6.56681087865738e-07,1.16584426849544e-06
"MKPP","CCL23",4.939757,4.584989,7.82200573313427e-07,1.38479153339339e-06
"MKPP","PRB2",4.9362698,2.95559,7.96309891209732e-07,1.40887811493599e-06
"MKPP","GJA3",4.9091187,1.5478345,9.14865657728964e-07,1.61542060913557e-06
"MKPP","OCA2",4.8796434,1.6349666,1.06277685318053e-06,1.87169628863617e-06
"MKPP","NBAT1",4.825179,20.224642,1.39877450268707e-06,2.44976456355326e-06
"MKPP","BAHCC1",4.8101945,2.8601959,1.5078363787764e-06,2.63911827011597e-06
"MKPP","ANKRD61",4.8053493,1.5402684,1.54481424035455e-06,2.70238915208814e-06
"MKPP","ABLIM3",4.7469406,1.5572628,2.06516668775718e-06,3.59370224508959e-06
"MKPP","B3GNT8",4.7332034,2.0267155,2.21003934574143e-06,3.84102050958951e-06
"MKPP","ASAP2",4.7277803,1.6682491,2.26987813019211e-06,3.942218447821e-06
"MKPP","ACER1",4.7009983,2.1727352,2.58892762628709e-06,4.48359463591343e-06
"MKPP","CKB",4.6754403,1.5446377,2.93323585096553e-06,5.07135175222597e-06
"MKPP","BCL2L10",4.6753097,1.5247821,2.93510554833938e-06,5.07413599875475e-06
"MKPP","SPOCK3",4.6629844,2.5820565,3.11656340688051e-06,5.3816548487326e-06
"MKPP","PCLO",4.6600313,1.7369989,3.1616140928209e-06,5.45704018420388e-06
"MKPP","FBXO39",4.62598,1.7409282,3.72831247299852e-06,6.41368074475912e-06
"MKPP","CLEC10A",4.6167755,1.92088,3.89748151196534e-06,6.69939548718709e-06
"MKPP","LINC01845",4.605804,1.9160532,4.10875430940979e-06,7.05759342753957e-06
"MKPP","MLIP",4.5902267,1.9484323,4.42765242415436e-06,7.59536273221977e-06
"MKPP","GDAP1L1",4.589786,1.6972809,4.43700366808569e-06,7.61073700710912e-06
"MKPP","OR52N4",4.589744,1.7664455,4.43789524868653e-06,7.61159910827399e-06
"MKPP","AGR2",4.589325,1.7555237,4.44682050019056e-06,7.62623869831104e-06
"MKPP","SCN5A",4.553652,1.796786,5.2722554725241e-06,9.01813768237339e-06
"MKPP","LINC02572",4.5235987,1.8702989,6.07969119705317e-06,1.03684327474234e-05
"MKPP","PLA2G4C-AS1",4.48412,2.6080275,7.32154803838025e-06,1.24505129064939e-05
"MKPP","FOXO6",4.464416,1.7625772,8.02874251765458e-06,1.36247015510767e-05
"MKPP","KNDC1",4.463682,1.6247548,8.05630799520208e-06,1.36679239509376e-05
"MKPP","SCG3",4.460393,2.6636703,8.18095426524467e-06,1.38745807819646e-05
"MKPP","ZNF630-AS1",4.459122,1.7630047,8.22960513042936e-06,1.39534627148637e-05
"MKPP","GNA14",4.402715,2.2162123,1.06904431834867e-05,1.80492314248894e-05
"MKPP","PTX3",4.377431,2.2214925,1.20086452476358e-05,2.02486144080773e-05
"MKPP","CABP5",4.3771853,2.1055605,1.20221774129694e-05,2.02696853021699e-05
"MKPP","TRPM5",4.3491616,19.75585,1.36658839228914e-05,2.2989513119252e-05
"MKPP","RAB44",4.3255677,1.5788176,1.5213937625789e-05,2.55476127573535e-05
"MKPP","SLC9A9-AS1",4.3093367,2.3270664,1.63744979828407e-05,2.74611052903863e-05
"MKPP","LINC02050",4.30896,1.7285328,1.64023925300579e-05,2.75055289252012e-05
"MKPP","CCDC179",4.195044,2.133062,2.72818329076609e-05,4.53030300693406e-05
"MKPP","LINC01543",4.1949377,2.158704,2.72946798966873e-05,4.5316672002238e-05
"MKPP","RAB19",4.184975,1.5343733,2.8519709658861e-05,4.73184397663721e-05
"MKPP","LINC01054",4.178477,19.899876,2.93467937219421e-05,4.86412044342676e-05
"MKPP","ENPP7",4.158211,3.2838297,3.20749213137088e-05,5.30910218462742e-05
"MKPP","ZNF341-AS1",4.1545234,1.8660687,3.25966174604735e-05,5.39271736951762e-05
"MKPP","ANGPTL2",4.1544757,2.0049117,3.26034540678877e-05,5.39339241863578e-05
"MKPP","C4BPA",4.146357,4.5697813,3.3780673141125e-05,5.58105548822638e-05
"MKPP","TDRP",4.0873566,2.1888824,4.3631659994253e-05,7.17527754588489e-05
"MKPP","TUBB8",4.0869994,1.8697982,4.36988066532968e-05,7.18569956799757e-05
"MKPP","LINC01392",4.028838,2.2318692,5.60531346608096e-05,9.18402192952124e-05
"MKPP","GBP7",4.000527,19.670122,6.32016065853326e-05,0.000103189740313875
"MKPP","ATP2C2",3.9914463,1.7034576,6.56715396478337e-05,0.000107141961633217
"MKPP","SLC16A9",3.9214544,1.9635526,8.80160729065955e-05,0.000142790753337801
"MKPP","TRPC3",3.9214284,1.5240926,8.80255957437598e-05,0.000142790753337801
"MKPP","LINC01498",3.9214284,1.5638007,8.80255957437598e-05,0.000142790753337801
"MKPP","ZNF750",3.85709,2.4002087,0.000114744879082666,0.000185151133329728
"MKPP","NLGN1",3.8567255,1.9570193,0.000114916087502185,0.000185381533408306
"MKPP","FGFR4",3.8565853,1.8953531,0.000114982001025392,0.000185442000829544
"MKPP","GPR143",3.8497245,1.7210648,0.000118250719819592,0.000190635202292781
"MKPP","LINC01554",3.8319824,2.2232707,0.000127114805005032,0.000204621792064698
"MKPP","CCNA1",3.8142955,19.340736,0.000136572001764693,0.000219340194561024
"MKPP","MAL2",3.8142955,19.458483,0.000136572001764693,0.000219340194561024
"MKPP","RFPL2",3.8142955,19.255209,0.000136572001764693,0.000219340194561024
"MKPP","LINC01983",3.7845986,4.0928593,0.000153956801833613,0.000246371172577701
"MKPP","PEAR1",3.7551312,1.6869733,0.000173250696296142,0.000276703364766806
"MKPP","GATA1",3.7505548,1.6512285,0.000176443678105985,0.000281710989978616
"MKPP","MIA",3.7354445,1.5232599,0.000187383865849589,0.000298690736961939
"MKPP","ADAM20",3.6779423,2.1496606,0.00023512313363967,0.000372601998628204
"MKPP","TMEM30B",3.6779134,1.6201751,0.00023514968929928,0.000372613905596267
"MKPP","GATA2",3.6230538,1.8194892,0.000291145350816891,0.000459223942026835
"MKPP","SLC24A5",3.6203513,2.7646427,0.000294203178481992,0.000463692529224853
"MKPP","IL13",3.6203198,2.3771644,0.00029423907069629,0.000463692529224853
"MKPP","KPNA7",3.618504,19.310978,0.000296310854260828,0.0004665817008269
"MKPP","LINC01865",3.618504,19.43671,0.000296310854260828,0.0004665817008269
"MKPP","NHS",3.5885885,1.7088431,0.000332473108228079,0.00052209564094431
"MKPP","KCTD15",3.5259192,1.9409127,0.000422015606853558,0.000659848293640464
"MKPP","IGLV3-24",3.4925783,2.8899207,0.000478381563182345,0.000745478253432518
"MKPP","MAFA",3.492252,2.3459933,0.00047896608702811,0.000746210859153349
"MKPP","OLFM1",3.492252,2.236753,0.00047896608702811,0.000746210859153349
"MKPP","REG4",3.4920444,2.0956216,0.000479338403528378,0.000746612583001138
"MKPP","HSD11B1",3.4920444,1.6338547,0.000479338403528378,0.000746612583001138
"MKPP","JPH4",3.4878428,1.8767802,0.000486934329575657,0.000758202511429653
"MKPP","IGKV2D-40",3.4279058,2.6587214,0.000608256277435981,0.000941567821918145
"MKPP","SPATA41",3.425206,2.6214914,0.000614333469906641,0.000950674364502423
"MKPP","KCNJ10",3.42501,1.9091233,0.000614776879531032,0.000950762285602866
"MKPP","CYP4F22",3.4249773,2.0098574,0.000614850810082039,0.000950762285602866
"MKPP","BMX",3.4249446,2.1789806,0.00061492474890586,0.000950762285602866
"MKPP","PPFIA4",3.4249446,1.8949193,0.00061492474890586,0.000950762285602866
"MKPP","HSPB8",3.4249446,2.4697762,0.00061492474890586,0.000950762285602866
"MKPP","PVR",3.4162693,1.697453,0.000634854194358418,0.000980491466077784
"MKPP","VWA2",3.4115071,19.30049,0.000646048135661951,0.000996285752906696
"MKPP","LINC00433",3.4115071,18.885082,0.000646048135661951,0.000996285752906696
"MKPP","LINC02513",3.4115071,18.778418,0.000646048135661951,0.000996285752906696
"MKPP","LINC00315",3.4115071,18.818058,0.000646048135661951,0.000996285752906696
"MKPP","UGT2B15",3.4115071,19.447681,0.000646048135661951,0.000996285752906696
"MKPP","LRFN5",3.4115071,19.502365,0.000646048135661951,0.000996285752906696
"MKPP","SMARCA1",3.3896656,1.8396156,0.000699779339589819,0.00107727811478983
"MKPP","RLN3",3.3896375,2.0043046,0.000699850927931624,0.0010773035681062
"MKPP","CKM",3.3868372,3.9202845,0.000707032961347645,0.00108776012168022
"MKPP","SHISAL2B",3.38669,3.6197467,0.000707412958311637,0.00108795286013498
"MKPP","SLC22A18AS",3.386653,3.0954895,0.000707507987200258,0.00108795286013498
"MKPP","WNT3A",3.386653,3.1880484,0.000707507987200258,0.00108795286013498
"MKPP","SPATA22",3.3866162,3.4270792,0.000707603027950629,0.00108795286013498
"MKPP","TFCP2L1",3.3863087,1.6740006,0.000708396358172357,0.00108908704719647
"MKPP","CADM3",3.305304,1.5369374,0.000948734143258728,0.00144822760865019
"MKPP","PCP4L1",3.2981186,2.0908892,0.000973350377317766,0.00148422887280443
"MKPP","KRTAP5-11",3.298088,2.2440445,0.000973456324283116,0.00148422887280443
"MKPP","COL5A3",3.2979963,1.8422087,0.000973774229258018,0.00148436660575842
"MKPP","SYP-AS1",3.2979963,2.0665495,0.000973774229258018,0.00148436660575842
"MKPP","CLEC2L",3.2979352,2.162348,0.000973986219316769,0.00148457410341101
"MKPP","LINC02466",3.2979045,2.1768641,0.000974092230371725,0.0014846200454797
"MKPP","PPP1R36",3.297874,1.7425125,0.000974198252111701,0.00148466599667615
"MKPP","GOLGA8Q",3.2200694,3.3204198,0.00128159538838085,0.00194104168419786
"MKPP","CLCN1",3.2200017,2.4298437,0.00128189855679482,0.00194129690045761
"MKPP","TBX20",3.2199337,2.050715,0.00128220179140766,0.00194129690045761
"MKPP","MESP2",3.219866,2.2521493,0.00128250509223242,0.00194129690045761
"MKPP","OR2B6",3.2198322,2.5494852,0.00128265676747836,0.00194129690045761
"MKPP","LOXHD1",3.2198322,2.4049537,0.00128265676747836,0.00194129690045761
"MKPP","HHIPL2",3.198163,1.6320592,0.00138306039299234,0.00208825044522177
"MKPP","RASGRF2-AS1",3.1911247,18.443752,0.00141720052178642,0.00213534918074356
"MKPP","SPINK13",3.1911247,19.147997,0.00141720052178642,0.00213534918074356
"MKPP","ADARB2-AS1",3.1911247,18.970419,0.00141720052178642,0.00213534918074356
"MKPP","KL",3.1911247,18.704762,0.00141720052178642,0.00213534918074356
"MKPP","POU6F2-AS2",3.1911247,19.122257,0.00141720052178642,0.00213534918074356
"MKPP","LINC01822",3.1911247,19.018929,0.00141720052178642,0.00213534918074356
"MKPP","NAV2-AS3",3.1911247,18.981169,0.00141720052178642,0.00213534918074356
"MKPP","VEGFC",3.1911247,19.312963,0.00141720052178642,0.00213534918074356
"MKPP","S100A1",3.1911247,19.35225,0.00141720052178642,0.00213534918074356
"MKPP","INTS6L-AS1",3.1911247,19.000261,0.00141720052178642,0.00213534918074356
"MKPP","FLRT1",3.1911247,19.416986,0.00141720052178642,0.00213534918074356
"MKPP","ZNF214",3.17072,3.9279695,0.00152061605490383,0.00228711875191069
"MKPP","PSCA",3.1705654,3.607684,0.00152142554092853,0.00228780872857062
"MKPP","SLC16A8",3.1705654,3.4951277,0.00152142554092853,0.00228780872857062
"MKPP","FIGNL2",3.1186306,1.7137783,0.0018169354804685,0.00271942737355114
"MKPP","USP43",3.094819,1.8116556,0.00196932991475241,0.0029423415875296
"MKPP","VSIG2",3.0947244,2.1808455,0.00196995866976075,0.00294283160927386
"MKPP","AIRN",3.0540485,1.8366147,0.00225775503203121,0.00336069910746894
"MKPP","ARMCX1",3.0537097,1.6714568,0.00226030645054749,0.00336424101500823
"MKPP","TRPM2-AS",3.0032978,2.9594228,0.00267070921436928,0.00395582756087942
"MKPP","A3GALT2",3.0030155,2.2885368,0.00267318776351446,0.0039578803685682
"MKPP","EYA4",3.0030155,2.0642042,0.00267318776351446,0.0039578803685682
"MKPP","PCDHGA7",3.0029802,2.1136987,0.00267349772992338,0.0039578803685682
"MKPP","ZNF697",3.002945,1.8458861,0.00267380772917946,0.0039578803685682
"MKPP","CLYBL-AS1",3.0029097,2.093732,0.00267411776128578,0.0039578803685682
"MKPP","EFS",3.0029097,1.7824724,0.00267411776128578,0.0039578803685682
"MKPP","HTR6",3.0029097,1.9355575,0.00267411776128578,0.0039578803685682
"MKPP","COL8A2",3.0011053,1.6969156,0.0026900155619411,0.00398080802511257
"MKPP","RNF157-AS1",3.000606,1.5768133,0.00269442822475484,0.0039870365624624
"MKPP","MXRA8",2.9984374,1.8504502,0.00271367997067713,0.00401400632445462
"MKPP","IFNK",2.954363,19.02119,0.00313315109494888,0.00461112369328818
"MKPP","GFOD1-AS1",2.954363,19.108286,0.00313315109494888,0.00461112369328818
"MKPP","OR2T8",2.954363,19.059958,0.00313315109494888,0.00461112369328818
"MKPP","LINC01608",2.954363,19.031166,0.00313315109494888,0.00461112369328818
"MKPP","HCG9",2.954363,18.575993,0.00313315109494888,0.00461112369328818
"MKPP","RFX8",2.954363,18.507355,0.00313315109494888,0.00461112369328818
"MKPP","CRYBA4",2.954363,18.244118,0.00313315109494888,0.00461112369328818
"MKPP","CSTL1",2.954363,18.858805,0.00313315109494888,0.00461112369328818
"MKPP","CYP2C18",2.954363,18.494356,0.00313315109494888,0.00461112369328818
"MKPP","ROPN1B",2.954363,18.891045,0.00313315109494888,0.00461112369328818
"MKPP","PNCK",2.954363,18.713352,0.00313315109494888,0.00461112369328818
"MKPP","DNAI1",2.954363,19.02714,0.00313315109494888,0.00461112369328818
"MKPP","PRR15L",2.954363,18.683674,0.00313315109494888,0.00461112369328818
"MKPP","GPR179",2.954363,18.760704,0.00313315109494888,0.00461112369328818
"MKPP","LINC01740",2.954363,18.565681,0.00313315109494888,0.00461112369328818
"MKPP","IGKV2OR22-4",2.939902,3.133133,0.003283159312465,0.00482635841389534
"MKPP","DCUN1D2-AS",2.939902,2.945955,0.003283159312465,0.00482635841389534
"MKPP","SGCG",2.9398613,2.4793806,0.00328359104477661,0.00482635841389534
"MKPP","KBTBD11-OT1",2.9398613,2.7365777,0.00328359104477661,0.00482635841389534
"MKPP","SPTSSB",2.9398613,2.2498677,0.00328359104477661,0.00482635841389534
"MKPP","VWDE",2.8810568,1.8218447,0.00396344187461154,0.00579862658709522
"MKPP","THSD7A",2.8809915,1.8578355,0.0039642636063076,0.00579939520396435
"MKPP","ERICD",2.8808608,1.7129867,0.00396590753382517,0.0058009327718561
"MKPP","NODAL",2.8144453,1.7904512,0.004886148510961,0.00710818184986134
"MKPP","SMAD5-AS1",2.789251,1.8794532,0.00528300852849146,0.0076581903019128
"MKPP","HEY2",2.78919,1.8508812,0.00528400572983508,0.00765906845343799
"MKPP","LYPD1",2.7730372,2.6400862,0.00555357691252987,0.00803330095398759
"MKPP","THRSP",2.7729635,2.136164,0.00555483498304437,0.00803330095398759
"MKPP","SMIM10L2A",2.7729635,2.4510531,0.00555483498304437,0.00803330095398759
"MKPP","IL22",2.7728899,2.536625,0.00555609331072803,0.00803330095398759
"MKPP","MYOZ2",2.7728899,2.36791,0.00555609331072803,0.00803330095398759
"MKPP","VAT1L",2.772853,2.0320628,0.00555672257102259,0.00803330095398759
"MKPP","NPM2",2.7728162,2.1370058,0.00555735189562658,0.00803330095398759
"MKPP","GPR61",2.7728162,2.2149127,0.00555735189562658,0.00803330095398759
"MKPP","KRT2",2.7727423,1.9538643,0.00555861073778577,0.00803330095398759
"MKPP","RBMS3-AS3",2.7727423,1.7176968,0.00555861073778577,0.00803330095398759
"MKPP","HTR7",2.7189026,1.6111827,0.00654989066711609,0.009424829809113
"MKPP","CASKIN1",2.7187583,1.7726535,0.00655274398557172,0.00942824222865201
"MKPP","CYP2S1",2.7186143,2.07234,0.00655559842186062,0.00943096235251938
